fournisseur;ID_fournisseurs;Nom de l'agence;CP;ville;Latitude ville;Longitude ville;region;Pays;adresse complete;latitude (fournisseur);longitude (fournisseur);Email;Produit 
Loxam ;Lo;Corner Loxam - Starmat ADMC;91000;Avrainville;48.5623782;2.247154;Ile-de-France;France ;Route Departementale 449, 91630, France;48.560433;2.282966;mounir.amraoui@loxam.fr;Petits engins
Loxam ;Lo;Loxam Rental Fontenay Tresigny;77000;Fontenay Tresigny;48.7100369;2.8722456;Ile-de-France;France ;Z.A.E. Fregy, 77610, France;48.702312;2.88131;mounir.amraoui@loxam.fr;Petits engins
Loxam ;Lo;Cremaillères Loxam Laho Tec;93000;Bobigny;48.906387;2.4452231;Ile-de-France;France ;109, rue Benoit Frachon, 93000, France;48.901568;2.429485;mounir.amraoui@loxam.fr;Petits engins
Loxam ;Lo;Loxam Access Paris Nord Aulnay;93000;AULNAY SOUS BOIS;48.934231;2.499789;Ile-de-France;France ;4 Rue Jean Chaptal - ZI De La Garenne, 93600, France;48.94483056;2.483931887;mounir.amraoui@loxam.fr;Petits engins
Loxam ;Lo;Loxam Access Paris Sud Chilly;91000;Chilly mazarin;48.7026161;2.3123582;Ile-de-France;France ;14 Bis Rue Denis Papin - ZA La Vigne Aux Loups, 91380, France;48.7084368;2.3040912;mounir.amraoui@loxam.fr;Petits engins
Loxam ;Lo;Corner Loxam - Starmat Le Holloco;95000;Ezanville;49.031707;2.361889;Ile-de-France;France ;12 avenue Jean Rostand, 95460, France;49.038003;2.342081;mounir.amraoui@loxam.fr;Petits engins
Loxam ;Lo;Corner Loxam - Starmat L'Isle Adam;95000;L'Isle Adam;49.1125294;2.2186324;Ile-de-France;France ;3 avenue Napoleon 1er, 95290, France;49.127439;2.242507;mounir.amraoui@loxam.fr;Petits engins
Loxam ;Lo;Corner Loxam - Starmat Herblay;95000;HERBLAY;48.9898588;2.166162;Ile-de-France;France ;403 route de conflans, 95220, France;49.00426005;2.1284155;mounir.amraoui@loxam.fr;Petits engins
Loxam ;Lo;Loxam City Republique;75000;Paris;48.8534951;2.3483915;Ile-de-France;France ;121 Boulevard Richard Lenoir, 75011, France;48.8656592;2.3692127;mounir.amraoui@loxam.fr;Petits engins
Loxam ;Lo;Loxam City Porte Doree;75000;Paris;48.8534951;2.3483915;Ile-de-France;France ;59 Boulevard Poniatowski, 75012, France;48.8332838;2.4012371;mounir.amraoui@loxam.fr;Petits engins
Loxam ;Lo;Loxam Access Paris Sud Bondoufle;91000;Bondoufle;48.6103845;2.3655279;Ile-de-France;France ;22 bis rue Gustave Eiffel, 91070, France;48.622516;2.37635;mounir.amraoui@loxam.fr;Petits engins
Loxam ;Lo;Corner Loxam - Bricor Maule;78000;Maule;48.9079595;1.8505364;Ile-de-France;France ;59 Boulevard Paul Barre, 78580, France;48.9120152;1.8531873;mounir.amraoui@loxam.fr;Petits engins
Loxam ;Lo;Corner Loxam - Starmat Arcueil;94000;Arcueil;48.8064996;2.3366502;Ile-de-France;France ;81 Avenue Paul Vaillant Couturier, 94110, France;48.798651;2.346078;mounir.amraoui@loxam.fr;Petits engins
Loxam ;Lo;Corner Loxam - Bricorama Nemours;77000;Nemours;48.2385017;2.7820919;Ile-de-France;France ;21 Rue d'Egreville, 77140, France;48.264775;2.715494;mounir.amraoui@loxam.fr;Petits engins
Loxam ;Lo;Corner Loxam - Bricomarche Villeneuve;94000;Villeneuve le Roi;48.7350308;2.4077003;Ile-de-France;France ;32 Avenue le Foll, 94290, France;48.7301264;2.430354421;mounir.amraoui@loxam.fr;Petits engins
Loxam ;Lo;Corner Loxam - Bricorama Orgeval;78000;Orgeval;48.9175;1.96982;Ile-de-France;France ;Route de Quarante Sous, 78630, France;48.93289039;1.966982432;mounir.amraoui@loxam.fr;Petits engins
Loxam ;Lo;Corner Loxam - Bricorama Villiers;94000;Villiers sur Marne;48.8262055;2.5406696;Ile-de-France;France ;ZAC, Chemin des Boutareines, 94350, France;48.825959;2.545205;mounir.amraoui@loxam.fr;Petits engins
Loxam ;Lo;Corner Loxam - Bricorama Rambouillet;78000;Rambouillet;48.6452851;1.819207;Ile-de-France;France ;26 Rue Gustave Eiffel, 78120, France;48.62693875;1.825694421;mounir.amraoui@loxam.fr;Petits engins
Loxam ;Lo;Corner Loxam - Gedimat Ecuelles;77000;Ecuelles;48.352101;2.7936471;Ile-de-France;France ;29 Avenue de Sens, 77250, France;48.3706124;2.8290641;mounir.amraoui@loxam.fr;Petits engins
Loxam ;Lo;Corner Loxam - Castorama Villabe;91000;Villabe;48.5885996;2.4544951;Ile-de-France;France ;ZAC des Brateaux - 1 rue de la Plaine, 91100, France;48.58842;2.44496;mounir.amraoui@loxam.fr;Petits engins
Loxam ;Lo;Corner Loxam - Bricocash Mormant;77000;Mormant;48.6136858;2.8889649;Ile-de-France;France ;rue Lavoisier, 77720, France;48.61365502;2.881806275;mounir.amraoui@loxam.fr;Petits engins
Loxam ;Lo;Corner Loxam - Bricomarche Dourdan;91000;Dourdan;48.5288442;2.0153689;Ile-de-France;France ;42 rue Raymond Laubier, 91410, France;48.527135;2.020990597;mounir.amraoui@loxam.fr;Petits engins
Loxam ;Lo;Corner Loxam - Weldom Oncy sur Ecole;91000;Oncy sur ecole;48.383062;2.4697864;Ile-de-France;France ;Grande Rue, 91490, France;48.38881308;2.470104082;mounir.amraoui@loxam.fr;Petits engins
Loxam ;Lo;Corner Loxam - Weldom Breuillet;91000;Breuillet;48.5668797;2.1729461;Ile-de-France;France ;2 rue du Buisson Rondeau, 91650, France;48.5687476;2.164083174;mounir.amraoui@loxam.fr;Petits engins
Loxam ;Lo;Corner Loxam - Castorama Melun;77000;Melun;48.539927;2.6608169;Ile-de-France;France ;Z.a.c du champs de foire, 77000, France;48.5346163;2.6570682;mounir.amraoui@loxam.fr;Petits engins
Loxam ;Lo;Corner Loxam - Castorama Gonesse;95000;Gonesse;48.9863555;2.4500537;Ile-de-France;France ;Z.I. De Paris Nord Ii, 95700, France;49.0764935;2.5613607;mounir.amraoui@loxam.fr;Petits engins
Loxam ;Lo;Corner Loxam - Bricorama Mareuil;77000;Mareuil les Meaux;48.9267289;2.8634773;Ile-de-France;France ;10 Avenue de la Haute Borne, 77100, France;48.94015741;2.877620849;mounir.amraoui@loxam.fr;Petits engins
Loxam ;Lo;Loxam City Sèvres;92000;Sevres;48.8247407;2.2127083;Ile-de-France;France ;9 Grande Rue, 92310, France;48.82702;2.222061;mounir.amraoui@loxam.fr;Petits engins
Loxam ;Lo;Loxam City Porte d'Asnières;75000;Paris;48.8534951;2.3483915;Ile-de-France;France ;204 Boulevard Malesherbes, 75017, France;48.8897729;2.3041953;mounir.amraoui@loxam.fr;Petits engins
Loxam ;Lo;Loxam CITY Noisy-Le-Sec;93000;Noisy le Sec;48.8897751;2.4516055;Ile-de-France;France ;74 rue de Paris, 93130, France;48.900336;2.452852;mounir.amraoui@loxam.fr;Petits engins
Loxam ;Lo;Loxam Formation;93000;AULNAY SOUS BOIS;48.934231;2.499789;Ile-de-France;France ;2 rue Jean Chaptal - ZI La Garenne, 93600, France;48.945954;2.482742;mounir.amraoui@loxam.fr;Petits engins
Loxam ;Lo;Loxam Nemours;77000;Nemours;48.2385017;2.7820919;Ile-de-France;France ;Route De Lyon, 77140, France;48.3061;2.6841;mounir.amraoui@loxam.fr;Petits engins
Loxam ;Lo;Loxam City Porte de St-Cloud;92000;Boulogne Billancourt;48.8356649;2.240206;Ile-de-France;France ;3 route de la Reine, Manquant, France;48.83853;2.251552;mounir.amraoui@loxam.fr;Petits engins
Loxam ;Lo;Loxam City Porte de Clignancourt;75000;Paris;48.8534951;2.3483915;Ile-de-France;France ;67 boulevard Ney, 75018, France;48.8976745;2.3397913;mounir.amraoui@loxam.fr;Petits engins
Loxam ;Lo;Loxam City Porte de Brancion;75000;Paris;48.8534951;2.3483915;Ile-de-France;France ;3 avenue de la Porte Brancion, 75015, France;48.827449;2.301282;mounir.amraoui@loxam.fr;Petits engins
Loxam ;Lo;Loxam City Batignolles;75000;Paris;48.8534951;2.3483915;Ile-de-France;France ;149 rue de Rome, Manquant, France;48.886434;2.31573;mounir.amraoui@loxam.fr;Petits engins
Loxam ;Lo;Loxam City Grenelle;75000;Paris;48.8534951;2.3483915;Ile-de-France;France ;95 boulevard de Grenelle, Manquant, France;48.849803;2.296297;mounir.amraoui@loxam.fr;Petits engins
Loxam ;Lo;Loxam Rosny sous Bois;93000;Rosny sous Bois;48.8716626;2.4875193;Ile-de-France;France ;89 Boulevard Alsace Lorraine, 93110, France;48.884545;2.484486;mounir.amraoui@loxam.fr;Petits engins
Loxam ;Lo;Loxam Morangis;91000;Morangis;48.7022956;2.3367599;Ile-de-France;France ;6 avenue Gay Lussac - ZI Val - Angle, 91420, France;48.703696;2.341292;mounir.amraoui@loxam.fr;Petits engins
Loxam ;Lo;Loxam City Montparnasse;75000;Paris;48.8534951;2.3483915;Ile-de-France;France ;50 Boulevard Pasteur, 75015, France;48.8413584;2.3134643;mounir.amraoui@loxam.fr;Petits engins
Loxam ;Lo;Loxam Roissy;95000;Roissy;49.0068908;2.571082;Ile-de-France;France ;6 Route De L'arpenteur - Zone Flexitech, 95700, France;49.01207422;2.517416966;mounir.amraoui@loxam.fr;Petits engins
Loxam ;Lo;Loxam Coignières;78000;COIGNIERES MAUREPAS;48.7671468;1.9193679;Ile-de-France;France ;28 Avenue De La Gare, 78310, France;48.742712;1.917191;mounir.amraoui@loxam.fr;Petits engins
Loxam ;Lo;Loxam Athis-mons;91000;Athis Mons;48.7079878;2.3888044;Ile-de-France;France ;2 Rue du Jacanna - ZI, 91200, France;48.709244;2.386605;mounir.amraoui@loxam.fr;Petits engins
Loxam ;Lo;Loxam Les Mureaux;78000;Les mureaux;48.9931578;1.909928;Ile-de-France;France ;7 Rue Descartes - ZI Des Garennes, 78130, France;48.982224;1.893535;mounir.amraoui@loxam.fr;Petits engins
Loxam ;Lo;Loxam Arpajon;91000;Arpajon;48.5902899;2.2477303;Ile-de-France;France ;30 Chemin De Chevreuse - ZA Les Belles Vues 3, 91290, France;48.8849169;2.2050476;mounir.amraoui@loxam.fr;Petits engins
Loxam ;Lo;Loxam Aulnay sous Bois;93000;AULNAY SOUS BOIS;48.934231;2.499789;Ile-de-France;France ;10 Rue Jean Chaptal - ZI De La Garenne, 93600, France;48.945664;2.483422;mounir.amraoui@loxam.fr;Petits engins
Loxam ;Lo;Loxam Porte de Bagnolet;93000;Montreuil;48.8623357;2.4412184;Ile-de-France;France ;202 Boulevard Chanzy, 93100, France;48.8596602;2.423866;mounir.amraoui@loxam.fr;Petits engins
Loxam ;Lo;Loxam Mantes La Jolie;78000;Limay;48.9921015;1.7353686;Ile-de-France;France ;10 rue Fernand Forest, 78520, France;48.989507;1.757993;mounir.amraoui@loxam.fr;Petits engins
Loxam ;Lo;Loxam Nanterre;92000;Nanterre;48.8924273;2.2071267;Ile-de-France;France ;2 Rue Lavoisier, 92000, France;48.885895;2.23466;mounir.amraoui@loxam.fr;Petits engins
Loxam ;Lo;Loxam Velizy;78000;Velizy Villacoublay;48.7809496;2.1900052;Ile-de-France;France ;63 Avenue De L'europe, 78140, France;48.7788607;2.2086485;mounir.amraoui@loxam.fr;Petits engins
Loxam ;Lo;Loxam Melun Le Mee;77000;Le Mee sur Seine;48.5408681;2.6262121;Ile-de-France;France ;Rue Jean Baptiste Colbert, 77350, France;48.55187172;2.630854392;mounir.amraoui@loxam.fr;Petits engins
Loxam ;Lo;Corner Loxam - Mr.Bricolage Angerville;91000;Angerville;48.3106704;1.9979775;Ile-de-France;France ;8 Rue des Artisans, 91670, France;48.3172994;2.0020053;mounir.amraoui@loxam.fr;Petits engins
Loxam ;Lo;Corner Loxam - Bricomarche Villecresnes;94000;Villecresnes;48.7208822;2.5327265;Ile-de-France;France ;54 Rue de Brunoy, 94440, France;48.708269;2.52924;mounir.amraoui@loxam.fr;Petits engins
Loxam ;Lo;Corner Loxam - Bricomarche Maulette;78000;Maulette;48.7914601;1.6207519;Ile-de-France;France ;Route de Gambais, 78550, France;48.80028868;1.670401128;mounir.amraoui@loxam.fr;Petits engins
Loxam ;Lo;Corner Loxam - Bricomarche Milly;91000;Milly la Foret;48.4030;2.4643;Ile-de-France;France ;ZA du Chenet - 4 Rue Des Ormes, 91490, France;48.39749565;2.419667381;mounir.amraoui@loxam.fr;Petits engins
Loxam ;Lo;Corner Loxam - Leroy Merlin Madeleine;75000;Paris;48.8534951;2.3483915;Ile-de-France;France ;Place de La Madeleine, 75008, France;48.87010945;2.323955075;mounir.amraoui@loxam.fr;Petits engins
Loxam ;Lo;Corner Loxam - Mr.Bricolage Achères;78000;Acheres;48.9606321;2.0698106;Ile-de-France;France ;Rue W. A. Mozart - ZAC du Chemin neuf, 78260, France;48.971799;2.090038;mounir.amraoui@loxam.fr;Petits engins
Loxam ;Lo;Corner Loxam - Leroy Merlin Rosa Parks;75000;Paris;48.8534951;2.3483915;Ile-de-France;France ;159 boulevard Macdonald, 75019, France;48.8989112;2.3770354;mounir.amraoui@loxam.fr;Petits engins
Loxam ;Lo;Corner Loxam - Mr.Bricolage Coulommiers;77000;Coulommiers;48.8204017;3.2494033;Ile-de-France;France ;3 Boulevard De La Marne, 77120, France;48.8034528;3.0889484;mounir.amraoui@loxam.fr;Petits engins
Loxam ;Lo;Loxam Argenteuil;95000;Argenteuil;48.9479069;2.2481797;Ile-de-France;France ;176 Route de Pontoise, 95100, France;48.951212;2.205858;mounir.amraoui@loxam.fr;Petits engins
Loxam ;Lo;Loxam Gennevilliers;92000;Gennevilliers;48.9254221;2.2940122;Ile-de-France;France ;89 Rue Des Caboeufs, 92230, France;48.9262372;2.3054767;mounir.amraoui@loxam.fr;Petits engins
Loxam ;Lo;Loxam Paris Quai d'Ivry;94000;Ivry sur Seine;48.8122302;2.3872525;Ile-de-France;France ;53 Quai Auguste Deshaies, 94200, France;48.8178909;2.402854;mounir.amraoui@loxam.fr;Petits engins
Loxam ;Lo;Loxam Epinay / Seine;93000;Epinay sur seine;48.9525181;2.3145039;Ile-de-France;France ;129/133 Avenue De Lattre De Tassigny, 93800, France;48.95477636;2.312588608;mounir.amraoui@loxam.fr;Petits engins
Loxam ;Lo;Loxam Rental Meaux;77000;Meaux;48.9582708;2.8773541;Ile-de-France;France ;10 Rue Jacques Daguerre, 77100, France;48.965539;2.915664;mounir.amraoui@loxam.fr;Petits engins
Loxam ;Lo;Loxam City Aubervilliers;93000;Aubervilliers;48.9146078;2.3821895;Ile-de-France;France ;55 Bd Felix Faure - Parc du Mauvin, 93300, France;48.903997;2.382632;mounir.amraoui@loxam.fr;Petits engins
Loxam ;Lo;Loxam Grand Paris;92000;Bagneux;48.795056;2.3027323;Ile-de-France;France ;134 avenue Aristide Briand, 92220, France;48.7984257;2.322254;mounir.amraoui@loxam.fr;Petits engins
Loxam ;Lo;Loxam Rental Goussainville CDG;95000;Goussainville;49.0323168;2.4733628;Ile-de-France;France ;87 Bd General De Gaulle, 95190, France;49.02434153;2.472470865;mounir.amraoui@loxam.fr;Petits engins
Loxam ;Lo;Loxam Rental Ste Geneviève;91000;Sainte Genevieve des Bois;48.6407872;2.3259129;Ile-de-France;France ;9, rue du Petit Fief - ZAC Croix Blanche, 91700, France;48.623087;2.340174;mounir.amraoui@loxam.fr;Petits engins
Loxam ;Lo;Corner Loxam - Weldom Etampes;91000;Etampes;48.4344621;2.1614464;Ile-de-France;France ;50 Rue des Lys, 91150, France;48.4404147;2.1368863;mounir.amraoui@loxam.fr;Petits engins
Loxam ;Lo;Corner Loxam - LM Ste Geneviève;91000;Sainte Genevieve des Bois;48.6407872;2.3259129;Ile-de-France;France ;avenue Des Hurepoix, 91700, France;48.639978;2.341103;mounir.amraoui@loxam.fr;Petits engins
Loxam ;Lo;Corner Loxam - LM Lognes;77000;Lognes;48.8384157;2.632722;Ile-de-France;France ;boulevard Du Segrais, 77185, France;48.83498176;2.653618587;mounir.amraoui@loxam.fr;Petits engins
Loxam ;Lo;Corner Loxam - LM Montigny;95000;Montigny les Cormeilles;48.98333;2.18333;Ile-de-France;France ;45 boulevard Victor Bordier, 95370, France;48.990842;2.202017;mounir.amraoui@loxam.fr;Petits engins
Loxam ;Lo;Corner Loxam - LM Vitry-Sur-Seine;94000;Vitry Sur Seine;48.7876;2.39164;Ile-de-France;France ;52 boulevard De Stalingrad, 94400, France;48.7975907;2.3833227;mounir.amraoui@loxam.fr;Petits engins
Loxam ;Lo;Corner Loxam - Castorama Clichy;75000;Paris;48.8534951;2.3483915;Ile-de-France;France ;2 Rue Forest, 75018, France;48.8849257;2.3294971;mounir.amraoui@loxam.fr;Petits engins
Loxam ;Lo;Corner Loxam - Castorama Claye;77000;Claye Souilly;48.9986182;2.8504604;Ile-de-France;France ;Rue Jean Monnet, 77410, France;48.95338792;2.663473612;mounir.amraoui@loxam.fr;Petits engins
Loxam ;Lo;Corner Loxam - LM Daumesnil;75000;Paris;48.8534951;2.3483915;Ile-de-France;France ;139 avenue Daumesnil, 75012, France;48.8433004;2.3840137;mounir.amraoui@loxam.fr;Petits engins
Loxam ;Lo;Corner Loxam - LM Beaubourg;75000;Paris;48.8534951;2.3483915;Ile-de-France;France ;52 rue Rambuteau, 75003, France;48.861547;2.3521334;mounir.amraoui@loxam.fr;Petits engins
Loxam ;Lo;Corner Loxam - LM Rosny;93000;Rosny sous Bois;48.8716626;2.4875193;Ile-de-France;France ;7 rue De Lisbonne - Zac De Nanteuil, 93110, France;48.88046;2.473529;mounir.amraoui@loxam.fr;Petits engins
Loxam ;Lo;Corner Loxam - LM Madeleine;75000;Paris;48.8534951;2.3483915;Ile-de-France;France ;Place de La Madeleine, 75008, France;48.87010945;2.323955075;mounir.amraoui@loxam.fr;Petits engins
Loxam ;Lo;Corner Loxam - Mr.Bricolage Achères;78000;Acheres;48.9606321;2.0698106;Ile-de-France;France ;Rue W.A. Mozart - ZAC Chemin neuf, 78260, France;48.971799;2.090038;mounir.amraoui@loxam.fr;Petits engins
Loxam ;Lo;Corner Loxam - LM Rosa Parks;75000;Paris;48.8534951;2.3483915;Ile-de-France;France ;159 boulevard Macdonald, 75019, France;48.8989112;2.3770354;mounir.amraoui@loxam.fr;Petits engins
Loxam ;Lo;Loxam Trappes;78000;Trappes;48.7760957;1.9988356;Ile-de-France;France ;50 Rue Roger Hennequin, 78190, France;48.763755;1.983843;mounir.amraoui@loxam.fr;Petits engins
Loxam ;Lo;Loxam Chelles;77000;Chelles;48.8783804;2.590549;Ile-de-France;France ;44 Avenue De La Trentaine, 77500, France;48.869055;2.601681;mounir.amraoui@loxam.fr;Petits engins
Loxam ;Lo;Loxam Montereau;77000;Montereau fault yonne;48.3849647;2.9557006;Ile-de-France;France ;12 Rue Des Clomarts, 77130, France;48.387783;2.968121;mounir.amraoui@loxam.fr;Petits engins
Loxam ;Lo;Corner Loxam - Casto Clayes sous Bois;78000;Les Clayes sous Bois;48.8214478;1.9871825;Ile-de-France;France ;ZI du Chemin des Eaux, 78340, France;48.818641;1.98406;mounir.amraoui@loxam.fr;Petits engins
Loxam ;Lo;Corner Loxam - Casto Ormesson;94000;CHENNEVIERES SUR MARNE;48.7965001;2.530442;Ile-de-France;France ;CC Pince Vent - ZAC De L'Hippodrome, 94430, France;48.79765;2.541576;mounir.amraoui@loxam.fr;Petits engins
Loxam ;Lo;Corner Loxam - Casto Coignières;78000;COIGNIERES MAUREPAS;48.7671468;1.9193679;Ile-de-France;France ;Rue des Louveries - RN 10, 78310, France;48.75152763;1.926228126;mounir.amraoui@loxam.fr;Petits engins
Loxam ;Lo;Corner Loxam - Casto Pierrelaye;95000;Pierrelaye;49.0232238;2.1557343;Ile-de-France;France ;ZAC Butte Petites Vignes, 95480, France;49.019728;2.161272;mounir.amraoui@loxam.fr;Petits engins
Loxam ;Lo;Corner Loxam - Casto Cormeilles;95000;Cormeilles en Parisis;48.9759637;2.1998877;Ile-de-France;France ;ZAC Bois Rochefort - Bd Joffre, 95240, France;48.968225;2.199214;mounir.amraoui@loxam.fr;Petits engins
Loxam ;Lo;Loxam City Auriol;75000;Paris;48.8534951;2.3483915;Ile-de-France;France ;120, boulevard Vincent Auriol, 75013, France;48.83338;2.3627273;mounir.amraoui@loxam.fr;Petits engins
Loxam ;Lo;Corner Loxam - Casto Levallois;92000;Levallois Perret;48.892956;2.2881683;Ile-de-France;France ;4 rue Henri Barbusse, 92300, France;48.8911947;2.2904283;mounir.amraoui@loxam.fr;Petits engins
Loxam ;Lo;Corner Loxam - LM Saint-Denis;93000;Saint Denis;48.9383732;2.3627508;Ile-de-France;France ;rue Henri Delaunay - Zac Cornillon, 93200, France;48.93395;2.359445;mounir.amraoui@loxam.fr;Petits engins
Loxam ;Lo;Corner Loxam - LM Rueil-Malmaison;92000;Rueil Malmaison;48.87778;2.1802832;Ile-de-France;France ;58 av De Fouilleuse - CC Hauts de Rueil, 92500, France;48.862415;2.1940046;mounir.amraoui@loxam.fr;Petits engins
Loxam ;Lo;Corner Loxam - LM Saint-Ouen;93000;Saint Ouen;48.911729;2.334267;Ile-de-France;France ;2 boulevard Victor Hugo, 93400, France;48.9124193;2.3339687;mounir.amraoui@loxam.fr;Petits engins
Loxam ;Lo;Corner Loxam - LM Bois-D'Arcy;78000;Bois D'Arcy;48.799856;2.023607;Ile-de-France;France ;avenue Fritz Lang - Zac Croix Bonnet, 78390, France;48.804418;2.019113;mounir.amraoui@loxam.fr;Petits engins
Loxam ;Lo;Corner Loxam - LM Montsoult;95000;Montsoult;49.0704484;2.312001;Ile-de-France;France ;route Nationale 1 - Zi Du Belloy, 95560, France;49.066447;2.298185;mounir.amraoui@loxam.fr;Petits engins
Loxam ;Lo;Loxam City Boulogne;92000;Boulogne Billancourt;48.8356649;2.240206;Ile-de-France;France;46 Boulevard de la République, 92100, France;48.8359;2.2413;mounir.amraoui@loxam.fr;Petits engins
Loxam ;Lo;Loxam Access Paris Nord Mitry;77000;Mitry Mory;48.9839674;2.6183971;Ile-de-France;France;7 Rue René Cassin, 77290, France;48.9835;2.6184;mounir.amraoui@loxam.fr;Petits engins
Loxam ;Lo;Corner Loxam - Bricorama Viry;91000;Viry Chatillon;48.67211;2.39318;Ile-de-France;France;106-108 Avenue du Général de Gaulle, 91170, France;48.6716;2.3774;mounir.amraoui@loxam.fr;Petits engins
Loxam ;Lo;Corner Loxam - Bricorama Boulogne;92000;Boulogne Billancourt;48.8356649;2.240206;Ile-de-France;France;701 Avenue du Général Leclerc, 92100, France;48.8350;2.2389;mounir.amraoui@loxam.fr;Petits engins
Loxam ;Lo;Corner Loxam - Weldom Carrières;78000;Carrieres sur Seine;48.9134112;2.1779083;Ile-de-France;France;11 avenue du Maréchal Juin, 78420, France;48.9090;2.1895;mounir.amraoui@loxam.fr;Petits engins
Loxam ;Lo;Corner Loxam - Starmat Montreuil;93000;Montreuil;48.8623357;2.4412184;Ile-de-France;France;188 boulevard de la Boissière, 93100, France;48.8647;2.4572;mounir.amraoui@loxam.fr;Petits engins
Loxam ;Lo;Corner Loxam - Castorama Velizy;78000;Velizy Villacoublay;48.7809496;2.1900052;Ile-de-France;France;Rue andré citroen - ZA VELIZY, 78140, France;48.7803;2.2092;mounir.amraoui@loxam.fr;Petits engins
Loxam ;Lo;LOXAM City MIN Rungis;94000;Chevilly Larue;48.7714153;2.3469255;Ile-de-France;France;112 avenue de la Cité - Bâtiment H5, 94550, France;48.7485;2.3538;mounir.amraoui@loxam.fr;Petits engins
Loxam ;Lo;Loxam City Porte de Pantin;75000;Paris;48.8534951;2.3483915;Ile-de-France;France;176 Avenue Jean Jaurès, 75019, France;48.8895;2.3921;mounir.amraoui@loxam.fr;Petits engins
Loxam ;Lo;Loxam Wissous;91000;WISSOUS ;48.7316381;2.3268669;Ile-de-France;France;31 avenue Ampère, 91320, France;48.7318;2.3277;mounir.amraoui@loxam.fr;Petits engins
Loxam ;Lo;Loxam City Paris 14è;75000;Paris;48.8534951;2.3483915;Ile-de-France;France;132 avenue du Général Leclerc, 75014, France;48.8339;2.3258;mounir.amraoui@loxam.fr;Petits engins
Loxam ;Lo;Loxam City Nation;75000;Paris;48.8534951;2.3483915;Ile-de-France;France;49 Rue des Pyrénées, 75020, France;48.8556;2.4023;mounir.amraoui@loxam.fr;Petits engins
Loxam ;Lo;Corner Loxam - Leroy Merlin Osny;95000;Osny;49.0660487;2.0614598;Ile-de-France;France;Ch. Du Poirier Charles Guérin - CC De L'Oseraie, 95520, France;49.0580;2.0604;mounir.amraoui@loxam.fr;Petits engins
Loxam ;Lo;Loxam Etampes;91000;Etampes;48.4344621;2.1614464;Ile-de-France;France;4 Avenue De La Sablière, 91150, France;48.4352;2.1620;mounir.amraoui@loxam.fr;Petits engins
Loxam ;Lo;Loxam Pierrelaye;95000;Pierrelaye;49.0232238;2.1557343;Ile-de-France;France;2 Avenue Du Général Leclerc, 95480, France;49.0217;2.1553;mounir.amraoui@loxam.fr;Petits engins
Loxam ;Lo;Corner Loxam - Mr.Bricolage Paris 14;75000;Paris;48.8534951;2.3483915;Ile-de-France;France;68-80 Avenue du Maine - Ateliers Gaîté, 75014, France;48.8397;2.3215;mounir.amraoui@loxam.fr;Petits engins
Loxam ;Lo;Corner Loxam - Leroy Merlin Gonesse;95000;Gonesse;48.9863555;2.4500537;Ile-de-France;France;1 rond point De La Croix Saint-Benoît, 95500, France;48.9910;2.4495;mounir.amraoui@loxam.fr;Petits engins
Loxam ;Lo;Corner Loxam - Beauvallet Blandine;91000;Guillerval;48.3745373;2.0599606;Ile-de-France;France;Rue du Triquoir - ZAC de la Géode 2, 91690, France;48.3643;2.1315;mounir.amraoui@loxam.fr;Petits engins
Loxam ;Lo;Loxam City Porte des Lilas;75000;Paris;48.8534951;2.3483915;Ile-de-France;France;67 Boulevard Sérurier, 75019, France;48.8782;2.4083;mounir.amraoui@loxam.fr;Petits engins
Loxam ;Lo;Loxam Sarcelle N1 (Groslay);95000;Groslay;48.9867112;2.3458615;Ile-de-France;France;1 Route Nationale de Paris à Calais (RN 1), 95410, France;48.9863;2.3489;mounir.amraoui@loxam.fr;Petits engins
Loxam ;Lo;Loxam Lagny;77000;Saint Thibault des Vignes;48.8692;2.6806;Ile-de-France;France;5 rue des Marmousets - ZI Courtillière, 77400, France;48.8712;2.6836;mounir.amraoui@loxam.fr;Petits engins
Loxam ;Lo;Loxam Rental Villeneuve St Georges;94000;Villeneuve Saint Georges;48.7305272;2.44782;Ile-de-France;France;Rue des Prés de l'Hôpital - ZI Graviers, 94194, France;48.7321;2.4493;mounir.amraoui@loxam.fr;Petits engins
Loxam ;Lo;Loxam Rental Conflans;78000;Conflans Sainte Honorine;48.9938791;2.0949768;Ile-de-France;France;7 rue de l'Activité, 78700, France;48.9983;2.0956;mounir.amraoui@loxam.fr;Petits engins
Loxam ;Lo;Loxam Rental Collegien;77000;Collegien;48.8362114;2.673176;Ile-de-France;France;31 Allée du Clos des Charmes, 77090, France;48.8398;2.6754;mounir.amraoui@loxam.fr;Petits engins
Loxam ;Lo;Loxam Rental Gennevilliers Ouest;92000;Gennevilliers;48.9254221;2.2940122;Ile-de-France;France;11, route Des Mercières, 92230, France;48.9279;2.2978;mounir.amraoui@loxam.fr;Petits engins
Loxam ;Lo;Loxam TP Paris;77000;MOISSY CRAMAYEL;48.6285035;2.5703151;Ile-de-France;France;210 Avenue Ampère - RN 6, 77550, France;48.6225;2.6013;mounir.amraoui@loxam.fr;Petits engins
Loxam ;Lo;Corner Loxam - LM Melun - Cesson;77000;Cesson;48.5624381;2.6021145;Ile-de-France;France;rue Du Bois Des Saints-Pères, 77240, France;48.5630;2.6065;mounir.amraoui@loxam.fr;Petits engins
Loxam ;Lo;Corner Loxam - Weldom Carrières;78000;Carrieres sur Seine;48.9134112;2.1779083;Ile-de-France;France;11 avenue du Maréchal Juin, 78420, France;48.9104;2.1787;mounir.amraoui@loxam.fr;Petits engins
Loxam ;Lo;Corner Loxam - Castorama Creteil;94000;Creteil   ;48.7771486;2.4530731;Ile-de-France;France;70 Avenue du Maréchal Foch, 94000, France;48.7920;2.4530;mounir.amraoui@loxam.fr;Petits engins
Loxam ;Lo;Corner Loxam - Castorama Fresnes;94000;Fresnes;48.7546687;2.3227967;Ile-de-France;France;186 Parc Médicis, 94260, France;48.7565;2.3223;mounir.amraoui@loxam.fr;Petits engins
Loxam ;Lo;Corner Loxam - LM Mantes;78000;Buchelay;48.9793554;1.6716534;Ile-de-France;France;232 av Du Béarn - Les Docks, 78200, France;48.9890;1.6805;mounir.amraoui@loxam.fr;Petits engins
Loxam ;Lo;Corner Loxam - Beauvallet Blandine;91000;Guillerval;48.3745373;2.0599606;Ile-de-France;France;Rue du Triquoir - ZAC de la Géode 2, 91690, France;48.3589;2.0662;mounir.amraoui@loxam.fr;Petits engins
Loxam ;Lo;Corner Loxam - LM Gonesse;95000;Gonesse;48.9863555;2.4500537;Ile-de-France;France;1 rond point De La Croix St-Benoît, 95500, France;48.9910;2.4495;mounir.amraoui@loxam.fr;Petits engins
Loxam ;Lo;Loxam Gennevilliers (Laho);92000;Gennevilliers;48.9254221;2.2940122;Ile-de-France;France;6 Route Du Bassin N° 5, 92230, France;48.9314;2.2876;mounir.amraoui@loxam.fr;Petits engins
Loxam ;Lo;Loxam Melun Vaux le Penil;77000;VAUX LE PENIL;48.5255542;2.6831642;Ile-de-France;France;1033 Rue Du Maréchal Juin, 77000, France;48.5369;2.6807;mounir.amraoui@loxam.fr;Petits engins
Loxam ;Lo;Loxam Rental Villeneuve St Georges;94000;Villeneuve Saint Georges;48.7305272;2.44782;Ile-de-France;France;Rue des Prés de l'Hôpital, 94194, France;48.7321;2.4493;mounir.amraoui@loxam.fr;Petits engins
Loxam ;Lo;Corner Loxam - Casto Villemomble;93000;Villemomble;48.881886;2.5076181;Ile-de-France;France;43 allée du Plateau, 93250, France;48.8836;2.5054;mounir.amraoui@loxam.fr;Petits engins
Loxam ;Lo;Corner Loxam - Casto Les Ulis;91000;Les Ulis;48.681708;2.1701573;Ile-de-France;France;6-8 avenue de L'Océanie, 91940, France;48.6810;2.1702;mounir.amraoui@loxam.fr;Petits engins
Loxam ;Lo;Corner Loxam - Casto Les Lilas;93000;Les Lilas;48.8795658;2.415796;Ile-de-France;France;15 boulevard de la Liberté, 93260, France;48.8789;2.4181;mounir.amraoui@loxam.fr;Petits engins
Loxam ;Lo;Corner Loxam - Starmat Montreuil;93000;Montreuil;48.8623357;2.4412184;Ile-de-France;France;188 boulevard de la Boissière, 93100, France;48.8778;2.4655;mounir.amraoui@loxam.fr;Petits engins
Loxam ;Lo;Corner Loxam - LM Ivry-Sur-Seine;94000;Ivry sur Seine;48.8122302;2.3872525;Ile-de-France;France;2 - 12 rue François Mitterrand, 94200, France;48.8135;2.3837;mounir.amraoui@loxam.fr;Petits engins
Point P;P.P;Point P;78000;Le Port Marly;48.8809876;2.109145;Ile-de-France;France;21 rue Charles de Gaulle, 78560, France;48.888547;2.1033811;—;Fournitures
Point P;P.P;Point P;78000;Saint Arnoult en Yvelines;48.572604;1.9350788;Ile-de-France;France;13 rue Stourm, 78730, France;48.5672598;1.9307265;—;Fournitures
Point P;P.P;Point P;95000;Argenteuil;48.9479069;2.2481797;Ile-de-France;France;35 rue Gode, 95100, France;48.958887;2.260479;—;Fournitures
Point P;P.P;Point P;95000;Sarcelles;48.9960813;2.3796245;Ile-de-France;France;42 route Calais, 95200, France;48.977414;2.365953;—;Fournitures
Point P;P.P;Point P;94000;Sucy en Brie;48.7711323;2.5221284;Ile-de-France;France;16 chemin Marais, 94370, France;48.76649918;2.504506044;—;Fournitures
Point P;P.P;Point P;78000;Sartrouville;48.9409016;2.1585037;Ile-de-France;France;74 route Cormeilles, 78500, France;48.949575;2.181336;—;Fournitures
Point P;P.P;Point P;78000;Maulette;48.7914601;1.6207519;Ile-de-France;France;70 rue Vignes, 78550, France;48.7888101;1.6092475;—;Fournitures
Point P;P.P;Point P;95000;Bezons;48.9250016;2.2105491;Ile-de-France;France;17 rue Salvador Allende, 95870, France;48.918635;2.213353;—;Fournitures
Point P;P.P;Point P;95000;Belloy en France;49.0892802;2.367884;Ile-de-France;France;1 route Paris, 95270, France;49.0949425;2.3609029;—;Fournitures
Point P;P.P;Point P;75000;Paris;48.8534951;2.3483915;Ile-de-France;France;quai Bercy, 75012, France;48.8360572;2.378911124;—;Fournitures
Point P;P.P;Point P;95000;SAINT OUEN L'AUMONE;49.04353;2.12134;Ile-de-France;France;111 rue Paris, 95310, France;49.0372074;2.1203229;—;Fournitures
Point P;P.P;Point P;75000;Paris;2.12134;2.3483915;Ile-de-France;France;25 quai Ivry, 75013, France;48.826829;2.38596;—;Fournitures
Point P;P.P;Point P;93000;Gournay sur Marne;48.8598434;2.576913;Ile-de-France;France;rue Paris, 93460, France;48.852448;2.606985;—;Fournitures
Point P;P.P;Point P;77000;Varennes sur Seine;48.3766097;2.9301414;Ile-de-France;France;37 route Petit Fossard, 77130, France;48.367537;2.95738;—;Fournitures
Point P;P.P;Point P;78000;Versailles;48.8035403;2.1266886;Ile-de-France;France;11 rue Porte de Buc, 78000, France;48.7939511;2.1375488;—;Fournitures
Point P;P.P;Point P;93000;Noisy le Sec;48.8897751;2.4516055;Ile-de-France;France;75 rue Parc, 93130, France;48.890528;2.445421;—;Fournitures
Point P;P.P;Point P;91000;CORBEIL ESSONNES;48.6137734;2.4818087;Ile-de-France;France;53 quai Apport, 91100, France;48.61979665;2.475181036;—;Fournitures
Point P;P.P;Point P;93000;Montreuil;48.8623357;2.4412184;Ile-de-France;France;24 rue Sorins, 93100, France;48.8588594;2.4286756;—;Fournitures
Point P;P.P;Point P;77000; ROISSY EN BRIE;48.7903787;2.6545195;Ile-de-France;France;7 route Ozoir Bp 6, 77680, France;48.781857;2.658503;—;Fournitures
Point P;P.P;Point P;91000;Arpajon;48.5902899;2.2477303;Ile-de-France;France;1 route Limours, 91290, France;48.585599;2.244846;—;Fournitures
Point P;P.P;Point P;77000;Perthes;48.4758593;2.555445;Ile-de-France;France;58 rue Melun, 77930, France;48.479812;2.562286;—;Fournitures
Point P;P.P;Point P;95000;Magny en Vexin;49.1554403;1.7864359;Ile-de-France;France;Zi La Demi Lune route Mantes, 95420, France;49.133362;1.788989;—;Fournitures
Point P;P.P;Point P;75000;Paris;48.8534951;2.3483915;Ile-de-France;France;217 rue Aubervilliers, 75018, France;48.893563;2.330329;—;Fournitures
Point P;P.P;Point P;91000;Massy;48.730158;2.2766735;Ile-de-France;France;4 route Bonde, 91300, France;48.7213465;2.2804626;—;Fournitures
Point P;P.P;Point P;78000;Buchelay;48.9793554;1.6716534;Ile-de-France;France;5 rue Closeaux, 78200, France;48.9918874;1.6826855;—;Fournitures
Point P;P.P;Point P;77000;Claye Souilly;48.9986182;2.8504604;Ile-de-France;France;4 rue Ernest Sarron, 77410, France;48.9530773;2.6677215;—;Fournitures
Point P;P.P;Point P;78000;CARRIERES SOUS POISSY;48.9437694;2.0341747;Ile-de-France;France;701 rue Reine Blanche, 78955, France;48.941329;2.030112;—;Fournitures
Point P;P.P;Point P;91000;Maisse;48.3942835;2.3755851;Ile-de-France;France;10 route Buno Bonneveaux, 91720, France;48.38935;2.388779;—;Fournitures
Point P;P.P;Point P;75000;Paris;48.8534951;2.3483915;Ile-de-France;France;port Javel Bas, 75015, France;48.840155;2.293559;—;Fournitures
Point P;P.P;Point P;91000;Les Ulis;48.681708;2.1701573;Ile-de-France;France;avenue Cap Horn, 91940, France;48.67592146;2.198079153;—;Fournitures
Point P;P.P;Point P;91000;Mennecy;48.5666645;2.4347044;Ile-de-France;France;3 rue Victor Grignard, 91540, France;48.5673915;2.4506245;—;Fournitures
Point P;P.P;Point P;91000;Morangis;48.7022956;2.3367599;Ile-de-France;France;15 avenue Froides Bouillies, Zac Portes De Morangis, 91420, France;48.7079392;2.3451426;—;Fournitures
Point P;P.P;Point P;95000;Fosses;49.0986649;2.5161998;Ile-de-France;France;2 rue Ferme St Ladre, 95470, France;49.0996817;2.5282791;—;Fournitures
Point P;P.P;Point.P Paris 18;75000;Paris;48.8534951;2.3483915;Ile-de-France;France;9 boulevard Ney, 75018, France;48.8983076;2.3662565;—;Fournitures
Point P;P.P;Point P;93000;Villepinte;48.9636566;2.5347541;Ile-de-France;France;100 avenue Paul Vaillant Couturier, 93420, France;48.959373;2.533651;—;Fournitures
Point P;P.P;Point P;91000;Sainte Genevieve des Bois;48.6407872;2.3259129;Ile-de-France;France;6 avenue Bout du Plessis, Zac Croix Blanche, 91700, France;48.621518;2.3438926;—;Fournitures
Point P;P.P;Point P;93000;Saint Denis l'Etoile;48.880696;2.5695462;Ile-de-France;France;47 boulevard Anatole France, 93200, France;48.925832;2.351154;—;Fournitures
Point P;P.P;Point P;75000;Paris;48.8534951;2.3483915;Ile-de-France;France;200 quai Jemmapes, 75010, France;48.88047;2.3690318;—;Fournitures
Point P;P.P;Point P;91000;Saint Cheron;48.551177;2.1256363;Ile-de-France;France;chemin Juiniere, 91530, France;48.55062336;2.114344476;—;Fournitures
Point P;P.P;Point P;93000;Livry Gargan;48.917335;2.5298854;Ile-de-France;France;51 boulevard Robert Schumann, 93190, France;49.048062;2.493414677;—;Fournitures
Point P;P.P;Point P;95000;Pierrelaye;49.0232238;2.1557343;Ile-de-France;France;256 boulevard Havre, Rte Nationale 14, 95480, France;49.004756;2.175392;—;Fournitures
Point P;P.P;Point P Plateforme;78000;Conflans Sainte Honorine;48.9938791;2.0949768;Ile-de-France;France;quai Confluent, 78700, France;49.00128407;2.072660939;—;Fournitures
Point P;P.P;POINT P Beton;77000;Souppes sur Loing;48.1811405;2.7311751;Ile-de-France;France;ZI route Egreville, 77460, France;48.179126;2.870871;—;Fournitures
Point P;P.P; POINT P SAINT MARD;77000;Saint Mard;49.0370716;2.694435;Ile-de-France;France;rue Moutiers, 77260, France;48.80002767;2.9971352;—;Fournitures
Raboni ;Ra;Raboni ATHIS;91000;Athis Mons;48.7079878;2.3888044;Ile-de-France;France;170 avenue François Mitterrand RN7 91200 Athis-Mons;48.7110;2.3715;—;Fournitures
Raboni ;Ra;Raboni BEAUCHAMP;95000;Pierrelaye;49.0232238;2.1557343;Ile-de-France;France;9 chemin du Parc 95480 Pierrelaye;49.0180719;2.1764392;—;Fournitures
Raboni ;Ra;Raboni DAMMARIE;77000;Dammarie les Lys;48.5150876;2.6347018;Ile-de-France;France;818 avenue Montaigne 77190 Dammarie-les-Lys;48.521842;2.633076;—;Fournitures
Raboni ;Ra;Raboni  ETRECHY;91000;Etrechy;48.4936601;2.1945814;Ile-de-France;France;5 route de Chamarande 91580 Etrechy;48.502961;2.201503;—;Fournitures
Raboni ;Ra;Raboni IVRY;94000;Ivry sur Seine;48.8122302;2.3872525;Ile-de-France;France;25 quai Marcel Boyer 94200 Ivry-sur-Seine;48.8223377;2.3924309;—;Fournitures
Raboni ;Ra;Raboni LA COURNEUVE;93000;La Courneuve;48.9267236;2.3896123;Ile-de-France;France;58 avenue Jean Mermoz 93120 La Courneuve;48.932188;2.40471;—;Fournitures
Raboni ;Ra;Raboni LE PECQ;78000;Le Pecq;48.8972505;2.1066273;Ile-de-France;France;60 route de Sartrouville 78230 Le Pecq;48.903268;2.114946;—;Fournitures
Raboni ;Ra;Raboni MENNECY;91000;Mennecy;48.5666645;2.4347044;Ile-de-France;France;26 rue de Tournenfils 91540 Mennecy;48.570072;2.450969;—;Fournitures
Raboni ;Ra;Raboni NOISY;93000;Noisy le Grand;48.8492238;2.5524906;Ile-de-France;France;16 rue de la Passerelle 93160 Noisy-le-Grand;48.848291;2.525365;—;Fournitures
Raboni ;Ra;Raboni PANTIN;75000;Paris;48.8534951;2.3483915;Ile-de-France;France;25 rue du chemin de fer 75019 Paris;48.899304;2.393482;—;Fournitures
Raboni ;Ra;Raboni PARIS LECLAIRE;75000;Paris;48.8534951;2.3483915;Ile-de-France;France;7 rue Jean Leclaire 75017 Paris;48.8940119;2.325599;—;Fournitures
Raboni ;Ra;Raboni PARIS ROQUETTE;75000;Paris;48.8534951;2.3483915;Ile-de-France;France;52 rue de la Roquette 75011 Paris;48.8548662;2.3731539;—;Fournitures
Raboni ;Ra;Raboni PUISEUX;95000;Puiseux Pontoise;49.0578349;2.0205371;Ile-de-France;France;Route de Boissy l'Aillerie 95650 Puiseux-Pontoise;49.05880461;2.019470501;—;Fournitures
Raboni ;Ra;Raboni VARENNES;77000;Varennes sur Seine;48.3766097;2.9301414;Ile-de-France;France;Rue du Marais du Saule 77130 Varennes-sur-Seine;48.37028094;2.941702608;—;Fournitures
Raboni ;Ra;Raboni VILLEJUIF;94000;Villejuif;48.7921098;2.3633048;Ile-de-France;France;81-87 rue Ambroise Croizat 94800 Villejuif;48.801187;2.3581796;—;Fournitures
Cemex;Cem;Cemex Agence Aulnay sous Bois;93000;AULNAY SOUS BOIS;48.934231;2.499789;Ile-de-France;France;20, RUE BLAISE PASCAL, ZA LES MARDELLES, 93600 AULNAY-SOUS-BOIS;48.949876;2.481682;—;Beton
Cemex;Cem;Cemex Agence Chennevieres;94000;CHENNEVIERES SUR MARNE;48.7965001;2.530442;Ile-de-France;France;ZONE DES BORDES, 13 BIS RUE CONDORCET, 94430 CHENNEVIERES-SUR-MARNE;48.796306;2.545022;—;Beton
Cemex;Cem;Cemex Agence Chevilly Larue;94000;CHEVILLY LARUE;48.7714153;2.3469255;Ile-de-France;France;193, BOULEVARD JEAN MERMOZ, 94550 CHEVILLY-LARUE;48.765516;2.335272;—;Beton
Cemex;Cem;Cemex Agence Chilly Mazarin;91000;CHILLY MAZARIN;48.7026161;2.3123582;Ile-de-France;France;ZAC DE LA VIGNE AUX LOUPS, RUE BLAISE PASCAL, 91380 CHILLY-MAZARIN;48.7063696;2.316561832;—;Beton
Cemex;Cem;Cemex Agence Coignières;78000;COIGNIERES MAUREPAS;48.7671468;1.9193679;Ile-de-France;France;ROUTE DU MESNIL ST-DENIS, 78310 COIGNIERES-MAUREPAS;48.74711;1.928575;—;Beton
Cemex;Cem;Cemex Agence Herblay;95000;HERBLAY;48.9908;2.1664;Ile-de-France;France;Z.I., 2, AVENUE PAUL LANGEVIN, 95228 HERBLAY CEDEX;49.004824;2.170951;—;Beton
Cemex;Cem;Cemex Agence Limay;78000;LIMAY;48.9921015;1.7353686;Ile-de-France;France;3, IMPASSE DES CARRIERES, PARC DE LA ROCADE, 78520 LIMAY;48.994616;1.733719;—;Beton
Cemex;Cem;Cemex Agence Nanterre;92000;NANTERRE;48.8924273;2.2071267;Ile-de-France;France;16, AVENUE DES GUILLERAIES, 92000 NANTERRE;48.895318;2.18514;—;Beton
Cemex;Cem;Cemex Agence Pantin;93000;PANTIN;48.8965023;2.4019804;Ile-de-France;France;110 BIS, AV. DU GENERAL LECLER, 93500 PANTIN;48.90025985;2.423264598;—;Beton
Cemex;Cem;Cemex Agence Paris 12;75000;Paris;48.8534951;2.3483915;Ile-de-France;France;12, RUE VAN GOGH, 75012 PARIS;48.843942;2.372008;—;Beton
Cemex;Cem;Cemex Agence Meaux;77000;MEAUX;48.9582708;2.8773541;Ile-de-France;France;4, RUE SAMUEL MORSE, Z.I. NORD, 77100 MEAUX;48.962351;2.915275;—;Beton
Cemex;Cem;Cemex Agence Melun Nord (Moissy Cramayel);77000;MOISSY CRAMAYEL;48.6285035;2.5703151;Ile-de-France;France;231 AVENUE ALBERT EINSTEIN, Z.I. MOISSY-CRAMAYEL, 77550 MOISSY-CRAMAYEL;48.621554;2.570187;—;Beton
Cemex;Cem;Cemex Agence Melun Sud-Est (Vaux Le Penil);77000;VAUX LE PENIL;48.5255542;2.6831642;Ile-de-France;France;905, AVENUE SAINT-JUST, Z.I. DE VAUX LE PENIL, 77000 VAUX-LE-PENIL;48.534062;2.687857;—;Beton
Cemex;Cem;Cemex Unite de production beton de Tolbiac;75000;Paris;48.8534951;2.3483915;Ile-de-France;France;70 Quai Panhard et Levassor, 75013 Paris, France;48.8308663;2.3813099;—;Beton
Cemex;Cem;Cemex Unite de production beton de Bondy;93000;Bondy;48.9031;2.48291;Ile-de-France;France;5 Quai Hubertine Auclert, 93140 Bondy, France;48.90717205;2.479129128;—;Beton
Cemex;Cem;Cemex Unite de production beton de Rosny-sur-Seine;78000;Rosny sur Seine;49.001733;1.6280317;Ile-de-France;France;Z.A.C. des Marceaux, Rue Gustave Eiffel, 78710 Rosny-sur-Seine, France;48.99397462;1.654164288;—;Beton
Cemex;Cem;Cemex Unite de production beton d’Evry;91000;Evry;48.6241665;2.4289667;Ile-de-France;France;48 rue des Paveurs, 91000 Evry, France;48.628375;2.461848;—;Beton
Cemex;Cem;Cemex Unite de production beton d’Aubervilliers;93000;Aubervilliers;48.9146078;2.3821895;Ile-de-France;France;29 rue Lucien Lefranc, 93300 Aubervilliers, France;48.910457;2.374322;—;Beton
Cemex;Cem;Cemex Unite de production beton de Mitry-Mory;77000;Mitry Mory;48.9839674;2.6183971;Ile-de-France;France;Z.I. de Mitry-Compans, Rue Decauville, 77297 Mitry-Mory, France;48.98427274;2.627064478;—;Beton
Cemex;Cem;Cemex Unite de production beton de Nanterre;92000;Nanterre;48.8924273;2.2071267;Ile-de-France;France;Rue Lavoisier, 92000 Nanterre, France;48.89746187;2.17673757;—;Beton
Cemex;Cem;Cemex Unite de production beton de Dourdan;91000;Dourdan;48.5288442;2.0153689;Ile-de-France;France;La Longerie, RD 838, 91410 Dourdan, France;48.54494118;2.018811817;—;Beton
Cemex;Cem;Cemex Unite de production beton de Pontault-Combault;77000;Pontault Combault;48.8009132;2.6068064;Ile-de-France;France;Rue du Luxembourg, 77340 Pontault-Combault, France;48.79804941;2.629164561;—;Beton
Cemex;Cem;Cemex Unite de production beton de Port Victor;75000;Paris;48.8534951;2.3483915;Ile-de-France;France;26 quai d'Issy-les-Moulineaux, 75015 Paris, France;48.8364531;2.2672445;—;Beton
Cemex;Cem;Cemex Unite de production beton de Palaiseau;91000;Palaiseau;48.7144587;2.2453842;Ile-de-France;France;2 rue Paul Doumer, 91120 Palaiseau, France;48.723515;2.248294;—;Beton
Cemex;Cem;Cemex Unite de production beton d'Athis-Mons;91000;Athis Mons;48.7079878;2.3888044;Ile-de-France;France;17 quai de l'Orge, 91200 Athis-Mons, France;48.7050433;2.3986024;—;Beton
Cemex;Cem;Cemex Port de Saint-Denis-l'Etoile;93000;Saint Denis l'Etoile;48.880696;2.5695462;Ile-de-France;France;3 quai de Saint-Ouen, 93200 Saint-Denis-l'Etoile, France;48.92766767;2.33870899;—;Beton
Cemex;Cem;Cemex Port d’Aubervilliers;93000;Aubervilliers;48.9146078;2.3821895;Ile-de-France;France;Quai Lucien Lefranc, 93300 Aubervilliers, France;48.90942433;2.374871306;—;Beton
Cemex;Cem;Cemex Port d’Evry;91000;Evry;48.6241665;2.4289667;Ile-de-France;France;38 route des Paveurs, 91000 Evry, France;48.62796432;2.462402642;—;Beton
Cemex;Cem;Cemex Port de Tolbiac;75000;Paris;48.8534951;2.3483915;Ile-de-France;France;70 quai Panhard et Levassor, 75013 Paris, France;48.8308663;2.3813099;—;Beton
Cemex;Cem;Cemex Port d’Ivry;94000;Ivry sur Seine;48.8122302;2.3872525;Ile-de-France;France;3 Quai Marcel Boyer, 94200 Ivry-sur-Seine, France;48.82487;2.389281;—;Beton
Cemex;Cem;Cemex Port de Bercy;75000;Paris;48.8534951;2.3483915;Ile-de-France;France;1 quai de Bercy, 75012 Paris, France;48.83158659;2.384735682;—;Beton
Cemex;Cem;Cemex Unite de production beton de Gennevilliers;92000;Gennevilliers;48.9254221;2.2940122;Ile-de-France;France;5 Route annexe de la Seine, 92230 Gennevilliers, France;48.94223;2.292504;—;Beton
CAUPAMAT CADDENZ;CAUP;Caddenz Palissades Orly;94000;ORLY;48.7431683;2.402391;Ile-de-France;France;40 Rue du Kéfir, 94310 Orly;48.7490;2.3920;—;Marquage /Balisage 
CAUPAMAT CADDENZ;CAUP;Caddenz Paris Nord;92000;Gennevilliers;48.9254221;2.2940122;Ile-de-France;France;114 Avenue Laurent Cély, 92230 Gennevilliers;48.9180;2.3070;—;Marquage /Balisage 
CAUPAMAT CADDENZ;CAUP;Caddenz Paris Est;77000;CROISSY BEAUBOURG;48.8278734;2.6584023;Ile-de-France;France;25 Allée Léon Jouhaux, 77183 Croissy-Beaubourg;48.8290;2.6600;—;Marquage /Balisage 
CAUPAMAT CADDENZ;CAUP;Caddenz Paris Sud;91000;WISSOUS ;48.7316381;2.3268669;Ile-de-France;France;27 Avenue Ampère, 91320 Wissous;48.7340;2.3290;—;Marquage /Balisage 
Tersen;Ter;Tersen etablissement Cosson;95000;Louvres;49.0449139;2.5096751;Ile-de-France;France;9 Avenue du Beaumontoir, 95380 Louvres;49.0450;2.5070;environnement.louvres@tersenenv.com / 01 30 29 02 00;Materiel blanc 
Tersen;Ter;Tersen etablissement Picheta;95000;Pierrelaye;49.0232238;2.1557343;Ile-de-France;France;13 Route de Conflans, 95480 Pierrelaye;49.0200;2.1600;environnement.pierrelaye@tersenenv.com;Materiel blanc 
Tersen;Ter;Tersen ;91000;Marcoussis;48.6559966;2.2035058;Ile-de-France;France;CD35 – 10 Route de Montlhéry, 91460 Marcoussis;48.6420;2.2310;—;Materiel blanc 
Tersen;Ter;Tersen Developpement;93000;L’Ile Saint Denis;48.938;2.338;Ile-de-France;France;15 bis Quai du Châtelier, 93450 L’Île-Saint-Denis;48.9340;2.3380;—;Materiel blanc 
PUM;PUM;PUM - Agence Aulnay sous Bois;93000;AULNAY SOUS BOIS;48.934231;2.499789;Ile-de-France;France;20, RUE BLAISE PASCAL, ZA LES MARDELLES, 93600 AULNAY-SOUS-BOIS;48.9495;2.4935;—;Fournitures
PUM;PUM;PUM - Agence Chennevieres;94000;CHENNEVIERES SUR MARNE;48.7965001;2.530442;Ile-de-France;France;ZONE DES BORDES, 13 BIS RUE CONDORCET, 94430 CHENNEVIERES-SUR-MARNE;48.7980;2.5330;—;Fournitures
PUM;PUM;PUM - Agence Chevilly Larue;94000;CHEVILLY LARUE;48.7714153;2.3469255;Ile-de-France;France;193, BOULEVARD JEAN MERMOZ, 94550 CHEVILLY-LARUE;48.7680;2.3520;—;Fournitures
PUM;PUM;PUM - Agence Chilly Mazarin;91000;CHILLY MAZARIN;48.7026161;2.3123582;Ile-de-France;France;ZAC DE LA VIGNE AUX LOUPS, RUE BLAISE PASCAL, 91380 CHILLY-MAZARIN;48.7050;2.3120;—;Fournitures
PUM;PUM;PUM - Agence Coignières;78000;COIGNIERES MAUREPAS;48.7671468;1.9193679;Ile-de-France;France;ROUTE DU MESNIL ST-DENIS, 78310 COIGNIERES-MAUREPAS;48.7450;1.9200;—;Fournitures
PUM;PUM;PUM - Agence Herblay;95000;HERBLAY;48.9908;2.1664;Ile-de-France;France;Z.I., 2, AVENUE PAUL LANGEVIN, 95228 HERBLAY CEDEX;48.9900;2.1640;—;Fournitures
PUM;PUM;PUM - Agence Limay;78000;LIMAY;48.9921015;1.7353686;Ile-de-France;France;3, IMPASSE DES CARRIERES, PARC DE LA ROCADE, 78520 LIMAY;48.9950;1.7420;—;Fournitures
PUM;PUM;PUM - Agence Nanterre;92000;NANTERRE;48.8924273;2.2071267;Ile-de-France;France;16, AVENUE DES GUILLERAIES, 92000 NANTERRE;48.9010;2.2090;—;Fournitures
PUM;PUM;PUM;93000;PANTIN;48.8965023;2.4019804;Ile-de-France;France;110 BIS, AV. DU GENERAL LECLER, 93500 PANTIN;48.8950;2.4090;—;Fournitures
PUM;PUM;PUM;75000;Paris;48.8534951;2.3483915;Ile-de-France;France;12, RUE VAN GOGH, 75012 PARIS;48.8350;2.4120;—;Fournitures
PUM;PUM;PUM;77000;MEAUX;48.9582708;2.8773541;Ile-de-France;France;4, RUE SAMUEL MORSE, Z.I. NORD, 77100 MEAUX;48.9690;2.9050;—;Fournitures
PUM;PUM;PUM;77000;MOISSY CRAMAYEL;48.6285035;2.5703151;Ile-de-France;France;231 AVENUE ALBERT EINSTEIN, Z.I. MOISSY-CRAMAYEL, 77550 MOISSY-CRAMAYEL;48.6260;2.6010;—;Fournitures
PUM;PUM;PUM;77000;VAUX LE PENIL;48.5255542;2.6831642;Ile-de-France;France;905, AVENUE SAINT-JUST, Z.I. DE VAUX LE PENIL, 77000 VAUX-LE-PENIL;48.5280;2.6800;—;Fournitures
YPREMA;YP;YPREMA;77000;EMERAINVILLE;48.8115813;2.6212919;Ile-de-France;France;11, allée de la Briarde, 77184 EMERAINVILLE;48.8167;2.6167;—;Materiel blanc 
YPREMA;YP;YPREMA;94000;BONNEUIL SUR MARNE;48.7742;2.4792;Ile-de-France;France;63-64, route de l’île St Julien  94380 BONNEUIL-SUR-MARNE;48.7760;2.4850;—;Materiel blanc 
YPREMA;YP;YPREMA;91000;Massy;48.730158;2.2766735;Ile-de-France;France;14, route de la Bonde ZI de la Bonde 91300  MASSY;48.7317;2.2680;—;Materiel blanc 
YPREMA;YP;YPREMA;91000;Massy;48.730158;2.2766735;Ile-de-France;France;11, route de la Bonde ZI de la Bonde 91300 MASSY;48.7317;2.2680;—;Materiel blanc 
YPREMA;YP;YPREMA;78000;TRAPPES;48.7760957;1.9988356;Ile-de-France;France;Allée Basile Levraud  78190 TRAPPES;48.7740;2.0170;—;Materiel blanc 
YPREMA;YP;YPREMA;92000;Gennevilliers;48.9254221;2.2940122;Ile-de-France;France;7, route du Môle Central 92230 GENNEVILLIERS;48.9330;2.3000;—;Materiel blanc 
YPREMA;YP;YPREMA;77000;DAMMARTIN EN GOELE;49.0547758;2.6835682;Ile-de-France;France;Rue Clément Ader Chemin communal 77230  DAMMARTIN-EN-GOELE;49.0538;2.6817;—;Materiel blanc 
YPREMA;YP;YPREMA;77000;LAGNY SUR MARNE;48.8773018;2.7056056;Ile-de-France;France;6, rue Freycinet Port de Lagny 77400 LAGNY-SUR-MARNE;48.8770;2.7060;—;Materiel blanc 
Fransbonhomme;Frans;Fransbonhomme;77000;VAUX LE PENIL;48.5255542;2.6831642;Ile-de-France;France;475 rue Raymond Hervillard, 77000 Vaux-le-Pénil, France;48.5333;2.6667;—;Fournitures
Fransbonhomme;Frans;Fransbonhomme;94000;Fresnes;48.7546687;2.3227967;Ile-de-France;France;6 rue de Chevilly, 94260 Fresnes, France;48.7500;2.3167;—;Fournitures
Fransbonhomme;Frans;Fransbonhomme;78000;Buchelay;48.9793554;1.6716534;Ile-de-France;France;10 rue Champs Odes, 78200 Buchelay, France;48.9790;1.6710;—;Fournitures
Fransbonhomme;Frans;Fransbonhomme;92000;Gennevilliers;48.9254221;2.2940122;Ile-de-France;France;Impasse des Petits Marais, 92230 Gennevilliers, France;48.9330;2.3000;—;Fournitures
Fransbonhomme;Frans;Fransbonhomme;77000;Coulommiers;48.8204017;3.2494033;Ile-de-France;France;2 bis rue des Margats, 77120 Coulommiers, France;48.8147;3.0833;—;Fournitures
Fransbonhomme;Frans;Fransbonhomme;95000;Taverny;49.0265888;2.2234971;Ile-de-France;France;1 boulevard Chaptal, 95150 Taverny, France;49.0250;2.2167;—;Fournitures
Fransbonhomme;Frans;Fransbonhomme;92000;Nanterre;48.8924273;2.2071267;Ile-de-France;France;52 rue du Port, 92000 Nanterre, France;48.8924;2.2066;—;Fournitures
Fransbonhomme;Frans;Fransbonhomme;95000;Champagne sur Oise;49.1339431;2.2312397;Ile-de-France;France;Rue Lavoisier, 95660 Champagne-sur-Oise, France;49.1360;2.2420;—;Fournitures
Fransbonhomme;Frans;Fransbonhomme;78000;COIGNIERES MAUREPAS;48.7671468;1.9193679;Ile-de-France;France;Rue Laënnec, 78310 Coignières, France;48.7470;1.9200;—;Fournitures
Fransbonhomme;Frans;Fransbonhomme;78000;Les mureaux;48.9931578;1.909928;Ile-de-France;France;2 rue Levassor, 78130 Les Mureaux, France;48.9910;1.9090;—;Fournitures
Fransbonhomme;Frans;Fransbonhomme;77000;Lagny sur Marne;48.8773018;2.7056056;Ile-de-France;France;135 rue Freycinet, 77400 Lagny-sur-Marne, France;48.8770;2.7070;—;Fournitures
Fransbonhomme;Frans;Fransbonhomme;92000;Gennevilliers;48.9254221;2.2940122;Ile-de-France;France;110 avenue Général de Gaulle, 92230 Gennevilliers, France;48.9333;2.3000;—;Fournitures
Fransbonhomme;Frans;Fransbonhomme;77000;Montereau Fault Yonne;48.3849647;2.9557006;Ile-de-France;France;2 rue Clomarts, 77130 Montereau-Fault-Yonne, France;48.3833;2.9500;—;Fournitures
Fransbonhomme;Frans;Fransbonhomme;91000;Fleury Merogis;48.629965;2.3609313;Ile-de-France;France;Rue Adrienne Bolland ZAC des Ciroliers 91700 Fleury-Mérogis France;48.6320;2.3640;—;Fournitures
Fransbonhomme;Frans;Fransbonhomme;77000;Meaux;48.9582708;2.8773541;Ile-de-France;France;8 rue Thomas Edison ZI Nord 77100 Meaux France;48.964354;2.916562;—;Fournitures
Fransbonhomme;Frans;Fransbonhomme;95000;Goussainville;49.0323168;2.4733628;Ile-de-France;France;Rue Jean Pierre Timbaud 95190 Goussainville France;49.0207;2.4463;—;Fournitures
BSM;BSM;BSM;77000;Lognes;48.8384157;2.632722;Ile-de-France;France;9 allée Lech Walesa - Zac du Parc d'activités de Paris-Est;48.814;2.663;—;Beton
BSM;BSM;BSM;78000;Limay;48.9921015;1.7353686;Ile-de-France;France;Ducas 291 Avenue Daniel Dreyfous;48.991;1.693;—;Beton
BSM;BSM;BSM;78000;Thiverval Grignon;48.8418686;1.9342972;Ile-de-France;France;Chemin des Nourrices;48.849;1.950;—;Beton
BSM;BSM;BSM;91000;Saint Germain les Arpajon;48.5948294;2.2557107;Ile-de-France;France;Chemin des Cinquante Arpents, 3 Rue Henri Rol Tanguy;48.625;2.275;—;Beton
BSM;BSM;BSM;91000;Bretigny sur Orge;48.6099887;2.3075288;Ile-de-France;France;Rue de la Desserte Industrielle;48.611;2.309;—;Beton
BSM;BSM;BSM;92000;Nanterre;48.8924273;2.2071267;Ile-de-France;France;Electrique Chemin d'Accès à L'Usine;48.889;2.206;—;Beton
BSM;BSM;BSM;92000;Gennevilliers;48.9254221;2.2940122;Ile-de-France;France;22 Chemin des Petits Marais;48.926;2.295;—;Beton
BSM;BSM;BSM;93000;La Courneuve;48.9267236;2.3896123;Ile-de-France;France;65 Avenue Jean Mermoz;48.932;2.387;—;Beton
BSM;BSM;BSM;93000;Le Bourget;48.9351403;2.4258354;Ile-de-France;France;12 Avenue Hélène Boucher;48.936;2.418;—;Beton
BSM;BSM;BSM;93000;L’Ile Saint Denis;48.938;2.338;Ile-de-France;France;12 & 14 Quai Le Chatelier;48.924;2.368;—;Beton
BSM;BSM;BSM;94000;Villeneuve Saint Georges;48.7305272;2.44782;Ile-de-France;France;Zone Industrielle des Graviers, 8 Avenue Winston Churchill;48.740;2.474;—;Beton
BSM;BSM;BSM;95000;Le Thillay;48.9828124;2.4393386;Ile-de-France;France;7 Avenue du Capitaine Girard;49.000;2.430;—;Beton
SODEXTRA;SODEX;SODEXTRA;91000;Saclay;48.7305162;2.172576;Ile-de-France;France;le Bas de L Étang, 91400 Saclay;48.716;2.166;—;Materiel blanc 
SODEXTRA;SODEX;SODEXTRA;91000;Villiers le Bacle;48.72819;2.11925;Ile-de-France;France;6 Rue des Graviers, 91190 Villiers-le-Bâcle;48.664;2.134;—;Materiel blanc 
COLBER;COL;COLBER;94000;Thiais;48.7643664;2.391024;Ile-de-France;France;169 avenue de Fontainebleau, 94320 Thiais, France;48.7401;2.4016;—;Petits engins
COLBER;COL;COLBER;77000;Torcy;48.8515;2.65265;Ile-de-France;France;86 rue des Coutures Z.I., 77200 Torcy, France;48.8605;2.7019;—;Petits engins
COLBER;COL;COLBER;78000;Voisins le Bretonneux;48.7586786;2.0509674;Ile-de-France;France;21/23 rue des Tilleuls ZAC Voisins-Merantais, 78960 Voisins-le-Bretonneux, France;48.7743;2.0231;—;Petits engins
COLBER;COL;COLBER;93000;Le Bourget;48.9351403;2.4258354;Ile-de-France;France;70 rue Albert Thomas, 93350 Le Bourget, France;48.9452;2.4365;—;Petits engins
COLBER;COL;COLBER;91000;Morigny Champigny;48.4533835;2.1702138;Ile-de-France;France;7 Rue des Rochettes, 91150 Morigny-Champigny, France;48.4300;2.2200;—;Petits engins
SOL 78;SOL 78;SOL 78;78000;Vernouillet;48.9724604;1.9830623;Ile-de-France;France;14 Avenue des Coquelicots, 78540 Vernouillet, France;48.9450;1.5560;—;Beton
SPME;SPME;SPME;92000;Gennevilliers;48.9254221;2.2940122;Ile-de-France;France;13 Route du Môle Central, 92230 Gennevilliers, France;48.9360;2.3080;—;Materiel noir 
VIACOV;VIA;VIACOV;95000;Genicourt;49.088;2.069;Ile-de-France;France;39 rue des Fossettes, 95650 Génicourt, France;49.0615;2.0505;—;Grand engins
Bouvelot TP;Bouv;Bouvelot TP;93000;Les Pavillons sous Bois;48.9082988;2.5034999;Ile-de-France;France;23 Allée d'Athènes, 93320 Les Pavillons-sous-Bois, France;48.9345;2.5180;—;Materiel blanc 
CHEUTIN;CHEU;CHEUTIN;77000;Mitry Mory;48.9839674;2.6183971;Ile-de-France;France;7 rue Galilée – ZA de la Villette aux Aulnes, 77290 Mitry-Mory, France;48.9822;2.5823;—;Petits engins
CHEUTIN;CHEU;CHEUTIN;91000;Breux Jouy;48.5508514;2.1639559;Ile-de-France;France;Route de Rimoron, 91650 Breux-Jouy, France;48.6248;2.2327;—;Petits engins
GO POMPE;GO;GO POMPE;95000;Argenteuil;48.9479069;2.2481797;Ile-de-France;France;Pavillon 8, 87 Rue de Calais, 95100 Argenteuil, France;48.9475;2.2470;—;Beton
SNB ;SNB ;SNB ;94000;VALENTON;48.7443189;2.4699741;Ile-de-France;France;1 RUE VASCO DE GAMA, 94460 VALENTON;48.76761;2.44956;—;Materiel blanc 
EVA INDUSTRIES;EVA INDUSTRIES;EVA INDUSTRIES;93000;AULNAY SOUS BOIS;48.934231;2.499789;Ile-de-France;France;"ZONE INDUSTRIELLE DES MARDELLES
RUE BLAISE PASCAL
93605 AULNAY SOUS BOIS";48.9412151;2.49707110;—;Materiel noir 
EVO LOCATION;EVO LOCATION;;95000;SAINT OUEN L'AUMONE;49.0992941;2.1513279;Ile-de-France;France;39 AVENUE DU CHATEAU, 95310 SAINT-OUEN-L'AUMONE;49.0419;2.1122;—;Grand engins
UTD ;UTD ;UTD ;95000;PUISEUX PONTOISE ;49.0578349;2.0205371;Ile-de-France;France;ROUTE DE BOISSY, 95650 PUISEUX-PONTOISE;49.0550;2.0230;—;Grand engins
SCIABBARRASI RENT;;;91000;MORANGIS ;48.7022956;2.3367599;Ile-de-France;France;"3 AVENUE DESCARTES
91420 MORANGIS ";48.700755;2.333800;—;Grand engins
LM DISTRIBUTION;LM;LM DISTRIBUTION;95000;GOUSSAINVILLE;49.0323168;2.4733628;Ile-de-France;France;"6-8 , Rue Joseph Jacquard
95190 GOUSSAINVILLE";49.0244063;2.4546856;—;pierres naturelles
IDF MARQUAGE;IDF ;IDF MARQUAGE;95000;GOUSSAINVILLE;49.0323168;2.4733628;Ile-de-France;France;ZI DES BETHUNES, 27 RUE DE BRETAGNE, 95310 SAINT-OUEN-L'AUMONE;49.0435;2.1213;—;Marquage /Balisage 
EUROPIERRE;EUROPIERRE;EUROPIERRE;77000;BUSSY SAINT GEORGES;48.8366447;2.7098422;Ile-de-France;France;"19 Bis, Avenue Graham Bell
77600 BUSSY-SAINT-GEORGES";48.833027;2.694203;—;pierres naturelles
RFM;RFM;RFM;77000;ROISSY EN BRIE;48.7903787;2.6545195;Ile-de-France;France;PARC D ACTIVITE DE LA FORGE, 3 IMPASSE DE LA LIEVRERIE, 77680 ROISSY-EN-BRIE;48.8247;2.6198;—;Recyclage des matériaux
ATPL CASELAS ;ATPL;ATPL CASELAS ;95000;SAINT OUEN L'AUMONE;49.0992941;2.1513279;Ile-de-France;France;PARC ACTIVITES VERT GALANT, 70 AVENUE DU CHATEAU, 95310 SAINT-OUEN-L'AUMONE;49.0418;2.1125;—;Petits engins
Tersen;Ter;Tersen Siège Social;78000;Magny les Hameaux;48.7353;2.0616;Ile-de-France;France;"2, rue Jean Mermoz – CS 20503
78771 Magny-les-Hameaux Cedex";48.7436;2.0195;—;Materiel blanc 
Tersen;Ter;TERSEN-GENNEVILLIERS;92000;Gennevilliers;48.9254221;2.2940122;Ile-de-France;France;"13 RTE DU MOLE CENTRAL
92230 GENNEVILLIERS";48.9325;2.2987;ctm.gennevilliers@tersen-env.com / 01.74.40.01.70;Materiel blanc 
Tersen;Ter;TERSEN ;78000;CARRIERES SOUS POISSY;48.9495;2.04068;Ile-de-France;France;"	AVENUE VANDERBILT 78955 CARRIERES-SOUS-POISSY";48.950001;2.03333;—;Materiel blanc 
Tersen;Ter;TERSEN ;78000;VERNEUIL SUR SEINE;48.9783;1.9736;Ile-de-France;France;6 BOULEVARD ANDRE MALRAUX 78480 VERNEUIL-SUR-SEINE;48.97902;1.97512;—;Materiel blanc 
Tersen;Ter;TERSEN ;91000;MARCOUSSIS;48.6426;2.2389;Ile-de-France;France;LIEU DIT LA FOLIE BESSIN 10 RUE DE MONTLHERY 91460 MARCOUSSIS;48.6398;2.2425;—;Materiel blanc 
Tersen;Ter;TERSEN ;95000;SAINT MARTIN DU TERTRE;49.108;2.35;Ile-de-France;France;RTE DEPARTEMENTALE 909, 95270 SAINT-MARTIN-DU-TERTRE;49.1025;2.3490;—;Materiel blanc 
Busca;Bu;Busca Avrainville;91000;Avrainville;48.5623782;2.247154;Ile-de-France;France;Rue Louise de Vilmorin, 91630 Avrainville;48.5647;2.2464;avrainville@busca.fr / 01 69 95 11 73;Fournitures
Busca;Bu;Busca Bonneuil;94000;BONNEUIL SUR MARNE;48.7742;2.4792;Ile-de-France;France;23, Quai du Rancy, 94380 Bonneuil-sur-Marne;48.7742;2.4792;bonneuil@busca.fr / 01 58 42 19 70;Fournitures
Busca;Bu;Busca Dammarie Les Lys;77000;Dammarie les Lys;48.517;2.6406;Ile-de-France;France;951, Quai Voltaire, 77190 Dammarie-les-Lys;48.5170;2.6406;dammarie@busca.fr / 01 64 79 50 80;Fournitures
Busca;Bu;Busca Gennevilliers;92000;Gennevilliers;48.9254221;2.2940122;Ile-de-France;France;3, impasse des Petits Marais, 92230 Gennevilliers;48.9333;2.3000;gennevilliers@busca.fr / 01 47 94 75 57;Fournitures
Busca;Bu;Busca Mezieres Sur Seine;78000;Mezieres sur Seine;48.9597;1.8003;Ile-de-France;France;Sente des Gravois, 78970 Mézières-sur-Seine;48.9597;1.8003;mezieres@busca.fr / 01 30 04 05 51;Fournitures
Busca;Bu;Busca Saint Thibault Des Vignes;77000;Saint Thibault des Vignes;48.8692;2.6806;Ile-de-France;France;1Bis Rue du Grand Pommeraye, 77400 Saint-Thibault-des-Vignes;48.8692;2.6806;st-thibault@busca.fr / 01 64 30 09 90;Fournitures
Busca;Bu;Busca Trappes;78000;Trappes;48.7743;2;Ile-de-France;France;54 avenue des Frères Lumière, 78190 Trappes;48.7569;1.9792;trappes@busca.fr / 01 30 16 00 09;Fournitures
Busca;Bu;Busca Villiers Le Bel;95000;Villiers le Bel;49.0089;2.3981;Ile-de-France;France;Avenue du 8 mai 1945, 95400 Villiers-le-Bel;49.0089;2.3981;Villiers@busca.fr / 01 39 33 00 60;Fournitures
LARIVIERE;LA;LARIVIERE TRAPPES;78000;Trappes;48.7743;2.0178;Ile-de-France;France;ZA Trappes-Elancourt, Allée du ruisseau de Gironde, 78190 Trappes;48.7743;2.0178;—;Fournitures
LARIVIERE;LA;LARIVIERE CHAMPLAN;91000;Champlan;48.7083;2.2786;Ile-de-France;France;ZA Chemin Blanc, Rue du Chemin Blanc, 91160 Champlan;48.7083;2.2786;—;Fournitures
LARIVIERE;LA;LARIVIERE MELUN;77000;Melun;48.539;2.6603;Ile-de-France;France;305 rue Einstein, ZI Vaux le Pénil, 77000 Melun;48.5390;2.6603;—;Fournitures
LARIVIERE;LA;LARIVIERE MALAKOFF;92000;Malakoff;48.819;2.299;Ile-de-France;France;54 avenue Augustin Dumont, 92240 Malakoff;48.8190;2.2990;—;Fournitures
LARIVIERE;LA;LARIVIERE PARIS 20;75000;Paris;48.8647;2.3984;Ile-de-France;France;58 boulevard de Charonne, 75020 Paris;48.8647;2.3984;—;Fournitures
LARIVIERE;LA;LARIVIERE PANTIN;93000;Pantin;48.8956;2.4017;Ile-de-France;France;67 avenue du Général Leclerc, 93500 Pantin;48.8956;2.4017;—;Fournitures
LARIVIERE;LA;LARIVIERE CHELLES;77000;Chelles;48.8811;2.582;Ile-de-France;France;54 rue Belle Île, 77507 Chelles;48.8811;2.5820;—;Fournitures
LARIVIERE;LA;LARIVIERE MANTES LA JOLIE;78000;Epone;48.9543;1.8119;Ile-de-France;France;ZA de la Couronne des Prés, Avenue de la Mauldre, 78680 Epône;48.9543;1.8119;—;Fournitures
LARIVIERE;LA;LARIVIERE BEAUCHAMP;95000;Beauchamp;49.0167;2.2;Ile-de-France;France;269 Chemin Jules César, 95250 Beauchamp;49.0167;2.2000;—;Fournitures
Clim plus;clim+;PANTIN CLIM+;93000;Pantin;48.8956;2.4017;Ile-de-France;France;110 BIS AV DU GENERAL LECLERCHALLE DE PANTIN,93500 PANTIN;48.8992;2.4092;—;Fournitures
Clim plus;clim+;CORBEIL CLIM+;91000;CORBEIL ESSONNES;48.6137734;2.4818087;Ile-de-France;France;RUE FERNAND RAYNAUD,91100 CORBEIL-ESSONNES;48.6077;2.4685;—;Fournitures
Clim plus;clim+;LA QUEUE EN BRIE CLIM+;94000;LA QUEUE EN BRIE;48.78639;2.57889;Ile-de-France;France;20 AV DU GENERAL DE GAULLE,94510 LA QUEUE EN BRIE;48.7889;2.5768;—;Fournitures
Clim plus;clim+;MAISONS-ALFORT CLIM+;94000;MAISONS ALFORT;48.8019;2.4326;Ile-de-France;France;"88 AVENUE DE LA REPUBLIQUE
BP 47,94702 MAISONS-ALFORT";48.8019;2.4326;01 43 90 12 90;Fournitures
Clim plus;clim+;VILLENEUVE CLIM+;92000;Villeneuve la Garenne;48.93472;2.32861;Ile-de-France;France;4 Rue de la Litte, 92390 Villeneuve-la-Garenne;48.9407;2.3156;—;Fournitures
Clim plus;clim+;NANTERRE CLIM+;92000;Nanterre;48.89056;2.20889;Ile-de-France;France;16 Avenue des Guilleraies, 92000 Nanterre;48.9053;2.2109;—;Fournitures
Clim plus;clim+;AULNAY SOUS BOIS CLIM+;93000;AULNAY SOUS BOIS;48.934231;2.499789;Ile-de-France;France;17 Rue Henri Becquerel, 93600 Aulnay-sous-Bois;48.9578;2.4939;—;Fournitures
Clim plus;clim+;COIGNIERES CLIM+;78000;Coignieres;48.74639;1.91944;Ile-de-France;France;6-8 Rue Marie Curie, 78310 Coignières;48.7444;1.9210;—;Fournitures
YESSS Electrique;YESSS Electrique;Agence de PARIS 10;75000;PARIS;48.8566;2.3522;Ile-de-France;France;63 quai de Valmy;48.8716592;2.36480713;01 40 18 48 48 paris10@yesss-fr.com;Fournitures
YESSS Electrique;YESSS Electrique;Agence de PARIS 14;75000;PARIS;48.8566;2.3522;Ile-de-France;France;26 rue Gassendi;48.834795;2.326649;01 43 20 21 21 paris14@yesss-fr.com;Fournitures
YESSS Electrique;YESSS Electrique;Agence de PARIS 13;75000;PARIS;48.8566;2.3522;Ile-de-France;France;2 - 8 rue Albert EINSTEIN;48.82647897;2.38229021;01 40 01 00 10 paris13@yesss-fr.com;Fournitures
YESSS Electrique;YESSS Electrique;Agence de NEMOURS;77000;NEMOURS;48.2672;2.6927;Ile-de-France;France;ZAC des hauteurs du Loing,27 chemin des Mazes;48.276131;2.70739;01 64 45 54 54 nemours@yesss-fr.com;Fournitures
YESSS Electrique;YESSS Electrique;Agence de PONTAULT COMBAULT;77000;PONTAULT COMBAULT;48.7973;2.6067;Ile-de-France;France;16 - 18 rue de Paris,RN 4;48.77717746;2.59620667;01 60 18 21 21 pontaultcombault@yesss-fr.com;Fournitures
YESSS Electrique;YESSS Electrique;Agence de MEAUX;77000;MEAUX;48.9601;2.8883;Ile-de-France;France;3 B avenue de la Victoire;48.96028543;2.91478872;01 60 09 55 66 meaux@yesss-fr.com;Fournitures
YESSS Electrique;YESSS Electrique;Agence de MELUN;77000;VAUX LE PENIL;48.5286;2.6769;Ile-de-France;France;269 rue du Maréchal Juin,Accueil 46, Livraison 45;48.53134201;2.68960102;01 64 37 08 71 melun@yesss-fr.com;Fournitures
YESSS Electrique;YESSS Electrique;Agence de LIEUSAINT;77000;LIEUSAINT;48.6347;2.5486;Ile-de-France;France;ZAC du Levant,333 avenue Marguerite PEREY - Bât. A2;48.6210777;2.5608329;01 60 02 50 02 lieusaint@yesss-fr.com;Fournitures
YESSS Electrique;YESSS Electrique;Agence d'EVRY;91000;EVRY LISSES;48.6290;2.4350;Ile-de-France;France;19 rue des Pyrénées;48.61031325;2.42940545;01 69 11 20 00 evry@yesss-fr.com;Fournitures
YESSS Electrique;YESSS Electrique;Agence de PALAISEAU;91000;PALAISEAU;48.7149;2.2450;Ile-de-France;France;6 rue Ambroise Crozat;48.71317001;2.25543503;01 69 74 10 19 palaiseau@yesss-fr.com;Fournitures
YESSS Electrique;YESSS Electrique;Agence de MONTLHERY;91000;MONTLHeRY;48.6403;2.2723;Ile-de-France;France;31 rue du pont aux Pins;48.6495529;2.2737521;01 69 63 30 60 montlhery@yesss-fr.com;Fournitures
YESSS Electrique;YESSS Electrique;Agence de BAGNEUX;92000;Bagneux;48.795056;2.3027323;Ile-de-France;France;10 allée du Parc de Garlande;48.80287949;2.29470921;01 55 48 91 91 chatillon@yesss-fr.com;Fournitures
YESSS Electrique;YESSS Electrique;Agence de VILLENEUVE LA GARENNE;92000;VILLENEUVE LA GARENNE;48.9370;2.3270;Ile-de-France;France;32 - 34 avenue Marc SANGNIER;48.92845868;2.32604584;01 41 21 31 00 villeneuvelagarenne@yesss-fr.com;Fournitures
YESSS Electrique;YESSS Electrique;Agence de NANTERRE;92000;NANTERRE;48.8924;2.2066;Ile-de-France;France;28 rue des Agglomérés;48.89579601;2.18367202;01 40 99 08 59 nanterre@yesss-fr.com;Fournitures
YESSS Electrique;YESSS Electrique;Agence de ROSNY;93000;ROSNY SOUS BOIS;48.8700;2.4830;Ile-de-France;France;147 boulevard Alsace Lorraine;48.88412008;2.49020576;01 48 70 21 63 rosny@yesss-fr.com;Fournitures
YESSS Electrique;YESSS Electrique;Agence d'AUBERVILLIERS;93000;Aubervilliers;48.9146078;2.3821895;Ile-de-France;France;65 rue des Cités;48.90374355;2.38660008;01 48 11 93 93 aubervilliers@yesss-fr.com;Fournitures
YESSS Electrique;YESSS Electrique;Agence de VALENTON;94000;VALENTON;48.7452;2.4634;Ile-de-France;France;ZAC du champ Saint Julien,Rue Henri Moissan;48.75115243;2.45525122;01 43 89 44 00 valenton@yesss-fr.com;Fournitures
YESSS Electrique;YESSS Electrique;Agence de CHAMPIGNY;94000;Champigny sur Marne;48.8162;2.4930;Ile-de-France;France;16 rue Serpente;48.817259;2.531882;01 45 16 26 00 champigny@yesss.fr;Fournitures
YESSS Electrique;YESSS Electrique;YESSS Électrique (Direction regionale PARIS EST);95000;HERBLAY;48.9906;2.1680;Ile-de-France;France;38 avenue du gros chêne;48.98365314;2.45681763;drparisest@yesss.fr;Fournitures
YESSS Electrique;YESSS Electrique;Agence de GONESSE;95000;GONESSE;48.9869;2.4500;Ile-de-France;France;6 bis rue Berthelot;48.98351232;2.45705366;01 34 07 88 88 gonesse@yesss-fr.com;Fournitures
YESSS Electrique;YESSS Electrique;YESSS PARIS OUEST (Direction régionale PARIS OUEST);95000;HERBLAY;48.9906;2.1680;Ile-de-France;France;38 avenue du gros chêne;49.037557;2.1193479;dr.parisnordouest@yesss-fr.com;Fournitures
YESSS Electrique;YESSS Electrique;Agence d'ARGENTEUIL;95000;Argenteuil;48.9479069;2.2481797;Ile-de-France;France;218 route de Pontoise;48.95522732;2.20580578;01 34 10 14 00 argenteuil@yesss-fr.com;Fournitures
YESSS Electrique;YESSS Electrique;Agence de CHAMPAGNE SUR OISE;95000;Champagne sur Oise;49.1353;2.2443;Ile-de-France;France;1 rue Lavoisier Lot 6,ZA du Paradis;49.14394483;2.25528717;01 30 28 21 07 champagnesuroise@yesss-fr.com;Fournitures
YESSS Electrique;YESSS Electrique;Agence de SAINT LEU LA FORET;95000;SAINT LEU LA FORET;49.0167;2.2500;Ile-de-France;France;1 rue Charles CROS;49.00309675;2.25041628;01 34 18 88 18 saintleu@yesss-fr.com;Fournitures
YESSS Electrique;YESSS Electrique;YESSS ELECTRIQUE CERGY PONTOISE;69000;Francheville Bel Air;45.7370;4.7700;Ile-de-France;France;"
5 chem in du torey,69340 Francheville Bel Air";45.7370;4.7700;04 72 38 44 56 dr.parisnordouest@yesss-fr.com;Fournitures
KILOUTOU ;KILOUT;KILOUTOU  Etampes Etrechy;91000;Etrechy;48.4935;2.1904;Ile-de-France;France;ZAC des Gravelles, 9 rue Tulipiers, 91580 Étréchy;48.4949;2.1944;01 89 16 57 45;Petits engins
KILOUTOU ;KILOUT;KILOUTOU Thiais;94000;Thiais;48.7758;2.3879;Ile-de-France;France;5 rue Alouettes, 94320 Thiais;48.7651;2.3923;01 83 62 99 47;Petits engins
KILOUTOU ;KILOUT;KILOUTOU TP Port de Gennevilliers;92000;Gennevilliers;48.9254221;2.2940122;Ile-de-France;France;15 chemin Petits Marais, 92230 Gennevilliers;48.9295;2.2900;01 89 16 49 58;Petits engins
KILOUTOU ;KILOUT;KILOUTOU Orsay Saclay;91000;Orsay;48.6979;2.1818;Ile-de-France;France;16 rue Nicolas Appert, 91400 Orsay;48.7016;2.1870;01 59 30 29 58;Petits engins
KILOUTOU ;KILOUT;KILOUTOU Ivry-sur-Seine;94000;Ivry sur Seine;48.8130;2.4014;Ile-de-France;France;122 boulevard Stalingrad, 94200 Ivry-sur-Seine;48.8163;2.3935;01 89 16 53 65;Petits engins
KILOUTOU ;KILOUT;KILOUTOU Clamart;92000;Clamart;48.7998;2.2629;Ile-de-France;France;Avenue du Général de Gaulle, 92140 Clamart;48.8015;2.2676;01 89 16 51 91;Petits engins
KILOUTOU ;KILOUT;KILOUTOU  Epinay-sur-Seine;93000;Epinay sur Seine;48.9554;2.3086;Ile-de-France;France;171 route de Saint-Leu, 93800 Épinay-sur-Seine;48.9590;2.3080;01 84 25 42 52;Petits engins
KILOUTOU ;KILOUT;KILOUTOU Coignières;78000;Coignieres;48.7431;1.9168;Ile-de-France;France;N10, 100 voie Latérale Nord, 78310 Coignières;48.7505;1.9233;01 84 25 42 33;Petits engins
KILOUTOU ;KILOUT;KILOUTOU Bonneuil-sur-Marne  ;94000;BONNEUIL SUR MARNE;48.7742;2.4792;Ile-de-France;France;La Plateforme du Bâtiment, 27 avenue du Maréchal Leclerc, 94380 Bonneuil-sur-Marne;48.7698;2.4850;01 89 16 53 38;Petits engins
KILOUTOU ;KILOUT;KILOUTOU Osny;95000;Osny;49.0628;2.0628;Ile-de-France;France;Zone d'Activités La Demi Lieue, route départementale 915, 95520 Osny;49.0585;2.0650;01 89 16 58 30;Petits engins
KILOUTOU ;KILOUT;KILOUTOU TP Mitry-Mory;77000;Mitry Mory;48.9839;2.6167;Ile-de-France;France;Zone Industrielle Mitry Compans, 4 rue Marcelin Berthelot, 77290 Mitry-Mory;48.9798;2.6075;01 89 16 50 44;Petits engins
KILOUTOU ;KILOUT;KILOUTOU  El Evation Maurepas;78000;Maurepas;48.7611;1.9442;Ile-de-France;France;18 rue Montfort, 78310 Maurepas;48.7648;1.9172;—;Petits engins
KILOUTOU ;KILOUT;KILOUTOU Roissy;95000;Roissy en France;49.0042;2.5156;Ile-de-France;France;29 rue Jean Moulin, 95700 Roissy-en-France;49.0047;2.5190;01 89 16 58 38;Petits engins
KILOUTOU ;KILOUT;KILOUTOU Paris 14ème Porte d'Orl Eans;75000;Paris;48.8296;2.3218;Ile-de-France;France;1 rue Monticelli, 75014 Paris;48.8230;2.3255;01 89 16 56 25;Petits engins
KILOUTOU ;KILOUT;KILOUTOU Bougival;78000;Bougival;48.8631;2.1383;Ile-de-France;France;Route Nationale 13, 14 rue Yvan Tourgueneff, 78380 Bougival;48.8635;2.1350;01 89 16 53 06;Petits engins
KILOUTOU ;KILOUT;KILOUTOU Paris 18ème Porte de Clignancourt;75000;Paris;48.8913;2.3484;Ile-de-France;France;Boulevard Ney, 75018 Paris;48.8973;2.3445;01 89 16 55 87;Petits engins
KILOUTOU ;KILOUT;KILOUTOU Servon;77000;Servon;48.7161;2.5858;Ile-de-France;France;Parking Baudry, route Nationale 19, 77170 Servon;48.7152;2.5850;01 89 16 56 62;Petits engins
KILOUTOU ;KILOUT;KILOUTOU Livry-Gargan;93000;Livry Gargan;48.9192;2.5361;Ile-de-France;France;29 avenue du Consul Général Nordling, 93190 Livry-Gargan;48.9175;2.5420;01 89 16 54 85;Petits engins
KILOUTOU ;KILOUT;KILOUTOU  El Evation et Terrassement Thiais;94000;Thiais;48.7758;2.3879;Ile-de-France;France;7 rue Alouettes, 94320 Thiais;48.7650;2.3920;01 83 62 99 47;Petits engins
KILOUTOU ;KILOUT;KILOUTOU Vaux-le-P Enil;77000;Vaux le Penil;48.5372;2.6719;Ile-de-France;France;920 rue du Maréchal Juin, 77000 Vaux-le-Pénil;48.5280;2.6900;01 89 16 57 74;Petits engins
KILOUTOU ;KILOUT;KILOUTOU Coignières  ;78000;Coignieres;48.7431;1.9168;Ile-de-France;France;5 route Nationale 10, 78310 Coignières;48.7543;1.9383;01 89 16 57 81;Petits engins
KILOUTOU ;KILOUT;KILOUTOU Colombes;92000;Colombes;48.9225;2.2543;Ile-de-France;France;Pont de Bezons, 372 rue Président Salvador Allende, 92700 Colombes;48.9196;2.2261;01 89 16 52 19;Petits engins
KILOUTOU ;KILOUT;KILOUTOU Sainte-Geneviève-des-Bois;91000;Sainte Genevieve des Bois;48.6407872;2.3259129;Ile-de-France;France;ZAC Croix Blanche, 23 avenue Hurepoix, 91700 Sainte-Geneviève-des-Bois;48.6258;2.3512;01 89 16 50 14;Petits engins
KILOUTOU ;KILOUT;KILOUTOU Rambouillet;78000;Rambouillet;48.6465;1.8258;Ile-de-France;France;4 rue Pierre Métairie, 78120 Rambouillet;48.6224;1.8272;01 84 25 42 35;Petits engins
KILOUTOU ;KILOUT;KILOUTOU Herblay;95000;HERBLAY;48.9902;2.1646;Ile-de-France;France;12 rue René Cassin, 95220 Herblay-sur-Seine;48.9997;2.1829;01 89 16 51 28;Petits engins
KILOUTOU ;KILOUT;KILOUTOU - Service  El Evation Rosny-sur-Seine;78000;Rosny sur Seine;49.0002;1.6315;Ile-de-France;France;Rue Buchelay, 78710 Rosny-sur-Seine;48.9917;1.6441;01 89 16 51 25;Petits engins
KILOUTOU ;KILOUT;KILOUTOU Paris 19ème Rosa Parks;75000;Paris;48.8821;2.3820;Ile-de-France;France;214 boulevard Macdonald, 75019 Paris;48.8989;2.3720;01 89 16 55 64;Petits engins
KILOUTOU ;KILOUT;KILOUTOU Melun-S Enart Savigny-le-Temple;77000;Savigny le Temple;48.5833;2.5818;Ile-de-France;France;Centre commercial Boissénart, 20 allée Cobalt, 77176 Savigny-le-Temple;48.5867;2.5935;01 89 16 57 66;Petits engins
KILOUTOU ;KILOUT;KILOUTOU  Emerainville;77000;Emerainville;48.8117;2.6247;Ile-de-France;France;Boulevard Beaubourg, 77184 Émerainville;48.8160;2.6201;01 83 62 99 16;Petits engins
KILOUTOU ;KILOUT;KILOUTOU Villemomble  ;93000;Villemomble;48.8893;2.5098;Ile-de-France;France;15 rue Laennec, 93250 Villemomble;48.8806;2.4975;01 89 16 54 57;Petits engins
KILOUTOU ;KILOUT;KILOUTOU Chelles;77000;Chelles;48.8787;2.5925;Ile-de-France;France;163 avenue Gendarme Castermant, 77500 Chelles;48.8792;2.6176;01 89 16 56 92;Petits engins
KILOUTOU ;KILOUT;KILOUTOU Boulogne-Billancourt;92000;Boulogne Billancourt;48.8352;2.2409;Ile-de-France;France;101 Route de la Reine, 92100 Boulogne-Billancourt;48.8398;2.2370;01 89 16 51 96;Petits engins
KILOUTOU ;KILOUT;KILOUTOU La  Defense Puteaux;92000;Puteaux;48.8804;2.2384;Ile-de-France;France;9-11 rue Moulin, 92800 Puteaux;48.8876;2.2397;01 89 16 53 05;Petits engins
KILOUTOU ;KILOUT;KILOUTOU Paris 12ème Porte de Vincennes;75000;Paris;48.8412;2.3876;Ile-de-France;France;114 cours Vincennes, 75012 Paris;48.8467;2.4101;01 89 16 51 90;Petits engins
KILOUTOU ;KILOUT;KILOUTOU  El Evation Courcouronnes;91000;Courcouronnes;48.6186;2.4243;Ile-de-France;France;4 Bis rue Bois Briard, 91080 Courcouronnes;48.6222;2.4210;01 89 16 50 28;Petits engins
KILOUTOU ;KILOUT;KILOUTOU Nanterre  ;92000;Nanterre;48.8924;2.2071;Ile-de-France;France;9 rue Fondrières, 92000 Nanterre;48.8932;2.1835;01 89 16 52 24;Petits engins
KILOUTOU ;KILOUT;KILOUTOU Corbeil-Essonnes;91000;Corbeil Essonnes;48.6138;2.4428;Ile-de-France;France;11 rue Fernand Raynaud, 91100 Corbeil-Essonnes;48.6233;2.4704;01 89 16 58 74;Petits engins
KILOUTOU ;KILOUT;KILOUTOU Rosny-sous-Bois;93000;Rosny sous Bois;48.8732;2.4849;Ile-de-France;France;8 rue Lisbonne, 93110 Rosny-sous-Bois;48.8803;2.4745;01 89 16 54 63;Petits engins
KILOUTOU ;KILOUT;KILOUTOU Paris 13ème;75000;Paris;48.8283;2.3623;Ile-de-France;France;73 rue Patay, 75013 Paris;48.8262;2.3726;01 89 16 56 07;Petits engins
KILOUTOU ;KILOUT;KILOUTOU Champigny-sur-Marne  ;94000;Champigny sur Marne;48.8118;2.5029;Ile-de-France;France;89 rue Alexandre Fourny, 94500 Champigny-sur-Marne;48.8195;2.5232;01 89 16 56 83;Petits engins
KILOUTOU ;KILOUT;KILOUTOU Coignières  ;78000;Coignieres;48.7431;1.9168;Ile-de-France;France;5 route Nationale 10, 78310 Coignières;48.7543;1.9383;01 89 16 57 81;Petits engins
KILOUTOU ;KILOUT;KILOUTOU Colombes;92000;Colombes;48.9225;2.2543;Ile-de-France;France;Pont de Bezons, 372 rue Président Salvador Allende, 92700 Colombes;48.9196;2.2261;01 89 16 52 19;Petits engins
KILOUTOU ;KILOUT;KILOUTOU Sainte-Geneviève-des-Bois;91000;Sainte Genevieve des Bois;48.6407872;2.3259129;Ile-de-France;France;ZAC Croix Blanche, 23 avenue Hurepoix, 91700 Sainte-Geneviève-des-Bois;48.6258;2.3512;01 89 16 50 14;Petits engins
KILOUTOU ;KILOUT;KILOUTOU Rambouillet;78000;Rambouillet;48.6465;1.8258;Ile-de-France;France;4 rue Pierre Métairie, 78120 Rambouillet;48.6224;1.8272;01 84 25 42 35;Petits engins
KILOUTOU ;KILOUT;KILOUTOU Herblay;95000;HERBLAY;48.9902;2.1646;Ile-de-France;France;12 rue René Cassin, 95220 Herblay-sur-Seine;48.9997;2.1829;01 89 16 51 28;Petits engins
KILOUTOU ;KILOUT;KILOUTOU Rosny-sur-Seine -  El Evation;78000;Rosny sur Seine;49.0002;1.6315;Ile-de-France;France;Rue Buchelay, 78710 Rosny-sur-Seine;48.9917;1.6441;01 89 16 51 25;Petits engins
KILOUTOU ;KILOUT;KILOUTOU Paris 19e Rosa Parks;75000;Paris;48.8821;2.3820;Ile-de-France;France;214 boulevard Macdonald, 75019 Paris;48.8989;2.3720;01 89 16 55 64;Petits engins
KILOUTOU ;KILOUT;KILOUTOU Savigny-le-Temple;77000;Savigny le Temple;48.5833;2.5818;Ile-de-France;France;Centre commercial Boissénart, 20 allée Cobalt;48.5867;2.5935;01 89 16 57 66;Petits engins
KILOUTOU ;KILOUT;KILOUTOU  Emerainville;77000;Emerainville;48.8117;2.6247;Ile-de-France;France;Boulevard Beaubourg, 77184 Émerainville;48.8160;2.6201;01 83 62 99 16;Petits engins
KILOUTOU ;KILOUT;KILOUTOU Villemomble;93000;Villemomble;48.8893;2.5098;Ile-de-France;France;15 rue Laennec, 93250 Villemomble;48.8806;2.4975;01 89 16 54 57;Petits engins
KILOUTOU ;KILOUT;KILOUTOU Chelles;77000;Chelles;48.8787;2.5925;Ile-de-France;France;163 avenue Gendarme Castermant, 77500 Chelles;48.8792;2.6176;01 89 16 56 92;Petits engins
KILOUTOU ;KILOUT;KILOUTOU Boulogne-Billancourt;92000;Boulogne Billancourt;48.8352;2.2409;Ile-de-France;France;101 Route de la Reine, 92100 Boulogne-Billancourt;48.8398;2.2370;01 89 16 51 96;Petits engins
KILOUTOU ;KILOUT;KILOUTOU La D Efense Puteaux;92000;Puteaux;48.8804;2.2384;Ile-de-France;France;9-11 rue Moulin, 92800 Puteaux;48.8876;2.2397;01 89 16 53 05;Petits engins
KILOUTOU ;KILOUT;KILOUTOU Paris 12e;75000;Paris;48.8412;2.3876;Ile-de-France;France;114 cours de Vincennes, 75012 Paris;48.8467;2.4101;01 89 16 51 90;Petits engins
KILOUTOU ;KILOUT;KILOUTOU Courcouronnes;91000;Courcouronnes;48.6186;2.4243;Ile-de-France;France;4 Bis rue Bois Briard, 91080 Courcouronnes;48.6222;2.4210;01 89 16 50 28;Petits engins
KILOUTOU ;KILOUT;KILOUTOU Nanterre;92000;Nanterre;48.8924;2.2071;Ile-de-France;France;9 rue Fondrières, 92000 Nanterre;48.8932;2.1835;01 89 16 52 24;Petits engins
KILOUTOU ;KILOUT;KILOUTOU Corbeil-Essonnes;91000;Corbeil Essonnes;48.6138;2.4428;Ile-de-France;France;11 rue Fernand Raynaud, 91100 Corbeil-Essonnes;48.6233;2.4704;01 89 16 58 74;Petits engins
KILOUTOU ;KILOUT;KILOUTOU Rosny-sous-Bois;93000;Rosny sous Bois;48.8732;2.4849;Ile-de-France;France;8 rue de Lisbonne, 93110 Rosny-sous-Bois;48.8803;2.4745;01 89 16 54 63;Petits engins
KILOUTOU ;KILOUT;KILOUTOU Paris 13e;75000;Paris;48.8283;2.3623;Ile-de-France;France;73 rue Patay, 75013 Paris;48.8262;2.3726;01 89 16 56 07;Petits engins
KILOUTOU ;KILOUT;KILOUTOU Champigny-sur-Marne;94000;Champigny sur Marne;48.8118;2.5029;Ile-de-France;France;89 rue Alexandre Fourny, 94500 Champigny-sur-Marne;48.8195;2.5232;01 89 16 56 83;Petits engins
KILOUTOU ;KILOUT;KILOUTOU Paris 8ème Saint Lazare;75000;Paris;48.8566;2.3522;Ile-de-France;France;71 rue de Rome 75008 Paris;48.8807;2.3210;01 89 16 55 83;Petits engins
KILOUTOU ;KILOUT;KILOUTOU Montreuil Porte de Bagnolet;93000;Montreuil;48.8623;2.4412;Ile-de-France;France;103 boulevard Chanzy 93100 Montreuil;48.8585;2.4282;01 89 16 55 57;Petits engins
KILOUTOU ;KILOUT;KILOUTOU Livry-Gargan  ;93000;Livry Gargan;48.9192;2.5361;Ile-de-France;France;55 rue Lucie Aubrac 93190 Livry Gargan;48.9300;2.5489;01 89 16 55 06;Petits engins
KILOUTOU ;KILOUT;KILOUTOU TP Moissy-Cramayel;77000;Moissy Cramayel;48.6254;2.5936;Ile-de-France;France;ZI Moissy Cramayel 220 avenue Blaise Pascal 77550;48.6205;2.5699;01 89 16 50 88;Petits engins
KILOUTOU ;KILOUT;KILOUTOU Sceaux;92000;Sceaux;48.7778;2.2905;Ile-de-France;France;138-140 avenue Gén Leclerc 92330 Sceaux;48.7755;2.3133;01 89 16 56 05;Petits engins
KILOUTOU ;KILOUT;KILOUTOU Chaville;92000;Chaville;48.8058;2.1883;Ile-de-France;France;264 avenue Roger Salengro 92370 Chaville;48.8183;2.1968;01 89 16 51 92;Petits engins
KILOUTOU ;KILOUT;KILOUTOU Chennevières - Ormesson;94000;Chennevieres sur Marne;48.7997;2.5323;Ile-de-France;France;Avenue Hippodrome 94430 Chennevières-sur-Marne;48.7929;2.5556;01 89 16 56 63;Petits engins
KILOUTOU ;KILOUT;KILOUTOU Aubervilliers  ;93000;Aubervilliers;48.9146078;2.3821895;Ile-de-France;France;85 boulevard Félix Faure 93300 Aubervilliers;48.9057;2.3808;01 89 16 51 42;Petits engins
KILOUTOU ;KILOUT;KILOUTOU Ivry-sur-Seine  ;94000;Ivry sur Seine;48.8147;2.3995;Ile-de-France;France;21 rue des Péniches 94200 Ivry-sur-Seine;48.8208;2.3930;01 89 16 53 37;Petits engins
KILOUTOU ;KILOUT;KILOUTOU  El Evation Herblay;95000;HERBLAY;48.9902;2.1646;Ile-de-France;France;6 rue René Cassin 95220 Herblay-sur-Seine;48.9983;2.1837;01 89 16 51 28;Petits engins
KILOUTOU ;KILOUT;KILOUTOU Villeneuve-la-Garenne  ;92000;Villeneuve la Garenne;48.9372;2.3283;Ile-de-France;France;2 avenue Longue Bertrane 92390 Villeneuve-la-Garenne;48.9281;2.3203;01 89 16 54 56;Petits engins
KILOUTOU ;KILOUT;Bergerat Monnoyeur Location KILOUTOU;77000;Poincy;48.9667;2.9333;Ile-de-France;France;31 avenue Meaux 77470 Poincy;48.9676;2.9157;01 60 01 28 88;Petits engins
KILOUTOU ;KILOUT;KILOUTOU Saint-Brice-sous-Forêt  ;95000;Saint Brice sous Forêt;48.9997;2.3569;Ile-de-France;France;Sentier Chapelle St Nicolas 95350 Saint-Brice-sous-Forêt;48.9919;2.3649;01 89 16 58 43;Petits engins
KILOUTOU ;KILOUT;KILOUTOU Module Paris Sud;94000;Villeneuve le Roi;48.7369;2.4131;Ile-de-France;France;Rue Jean Pierre Timbaud 94290 Villeneuve-le-Roi;48.7333;2.4333;01 89 16 51 29;Petits engins
KILOUTOU ;KILOUT;KILOUTOU Signalisation;95000;Genicourt;49.0911;2.0669;Ile-de-France;France;35 rue des Fossettes 95650 Génicourt;49.0852;2.0706;09 72 37 75 75;Petits engins
KILOUTOU ;KILOUT;KILOUTOU Creteil;94000;Creteil;48.7833;2.4500;Ile-de-France;France;Rue Fontaine Saint Christophe 94000 Créteil;48.7812;2.4393;01 89 16 53 08;Petits engins
KILOUTOU ;KILOUT;KILOUTOU Alfortville  ;94000;Alfortville;48.7994;2.4206;Ile-de-France;France;9 chemin Villeneuve Saint-Georges 94140 Alfortville;48.7942;2.4312;01 89 16 53 09;Petits engins
KILOUTOU ;KILOUT;KILOUTOU  El Evation et Terrassement Gennevilliers;92000;Gennevilliers;48.9254221;2.2940122;Ile-de-France;France;88 avenue Vieux Chemin de Saint-Denis 92230 Gennevilliers;48.9288;2.3164;01 89 16 49 47;Petits engins
KILOUTOU ;KILOUT;KILOUTOU Pierrelaye  ;95000;Pierrelaye;49.0222;2.1553;Ile-de-France;France;2 avenue Général Leclerc 95480 Pierrelaye;49.0235;2.1642;01 89 16 58 34;Petits engins
KILOUTOU ;KILOUT;KILOUTOU  Energie Île-de-France;77000;Savigny le Temple;48.5833;2.5818;Ile-de-France;France;33 rue de l’Étain 77176 Savigny-le-Temple;48.5891;2.5889;01 89 16 58 68;Petits engins
KILOUTOU ;KILOUT;KILOUTOU Houilles;78000;Houilles;48.9210;2.1926;Ile-de-France;France;105 boulevard Henri Barbusse 78800 Houilles;48.9222;2.1929;01 89 16 52 40;Petits engins
KILOUTOU ;KILOUT;KILOUTOU Paris 20;75000;Paris;48.8647;2.3984;Ile-de-France;France;56 boulevard Mortier 75020 Paris;48.8695;2.4072;03 59 56 54 00;Petits engins
KILOUTOU ;KILOUT;KILOUTOU - Service  El Evation et Terrassement IDF Nord;95000;SAINT OUEN L'AUMONE;49.0469;2.1054;Ile-de-France;France;16 rue Equerre 95310 Saint-Ouen-l'Aumône;49.0478;2.1085;01 59 30 29 77;Petits engins
KILOUTOU ;KILOUT;KILOUTOU Saint-Denis Stade de France;93000;Saint Denis;48.9362;2.3574;Ile-de-France;France;41 boulevard Anatole France 93200 Saint-Denis;48.9309;2.3567;01 89 16 55 60;Petits engins
KILOUTOU ;KILOUT;KILOUTOU Paris 16 Auteuil;75000;Paris;48.8566;2.3522;Ile-de-France;France;Boulevard Murat 75016 Paris;48.8422;2.2588;01 89 16 51 99;Petits engins
KILOUTOU ;KILOUT;KILOUTOU - Service  El Evation Saint-Ouen-l'Aumône;95000;SAINT OUEN L'AUMONE;49.0469;2.1054;Ile-de-France;France;30 avenue Fonds de Vaux 95310 Saint-Ouen-l'Aumône;49.0492;2.1038;01 89 16 51 10;Petits engins
KILOUTOU ;KILOUT;KILOUTOU Formation Moissy-Cramayel;77000;Moissy Cramayel;48.6254;2.5936;Ile-de-France;France;220 avenue Blaise Pascal 77550 Moissy-Cramayel;48.6205;2.5699;01 59 30 29 48;Petits engins
KILOUTOU ;KILOUT;KILOUTOU - Service  El Evation et Terrassement Paris;94000;Thiais;48.7650;2.3920;Ile-de-France;France;Zone Senia 7 rue des Alouettes 94320 Thiais;48.7650;2.3920;01 59 30 29 88;Petits engins
KILOUTOU ;KILOUT;KILOUTOU Formation Roissy-en-France;95000;Roissy en France;49.0047;2.5190;Ile-de-France;France;29 rue Jean Moulin 95700 Roissy-en-France;49.0047;2.5190;01 59 30 29 48;Petits engins
KILOUTOU ;KILOUT;KILOUTOU Climatec;91000;Saint Pierre du Perray;48.6106;2.5089;Ile-de-France;France;45 rue du Trou Grillon 91280 Saint-Pierre-du-Perray;48.6115;2.5095;01 59 30 27 33;Petits engins
KILOUTOU ;KILOUT;KILOUTOU Formation Buchelay;78000;Buchelay;48.9800;1.6700;Ile-de-France;France;3 rue des Piquettes 78200 Buchelay;48.9785;1.6692;01 59 30 24 36;Petits engins
FGG LOCATION;FGG LOCATION;FGG LOCATION;94000;Boissy Saint Leger;48.7543;2.5120;Ile-de-France;France;3 avenue Charles de Gaulle, 94470 Boissy-Saint-Léger;48.7556;2.5115;—;Petits engins
SPME;SPME;SPME;92000;Gennevilliers;48.9254221;2.2940122;Ile-de-France;France;SITE SPME GENNEVILLIERS 13 RTE DU MOLE CENTRAL 92230 GENNEVILLIERS;48.9347;2.2789;contact@spme-materiaux.fr / 01 47 94 24 40;Fournitures
SPME;SPME;SPME;94000;BONNEUIL SUR MARNE;48.7742;2.4792;Ile-de-France;France;"CENTRALE DE BONNEUIL
7 RTE DE L'ILE ST JULIEN
94380 BONNEUIL SUR MARNE";48.7732;2.4938;;Fournitures
EUROVIA SAINT GRATIEN TRAVAUX;EUROVIA;Eurovia Ile-de-France Saint-Gratien;95000;SAINT GRATIEN;48.9649;2.2856;Ile-de-France;France;78 bd du Maréchal Foch,95210 SAINT-GRATIEN;48.9658;2.2889;st-gratien@eurovia.com;Fournitures
MEL ;MATERIAUX ROUTIERS FRANCILIENS;MEL ;91000;MICHEL SUR ORGE;48.6345;2.3086;Ile-de-France;France;13, avenue de Condorcet 91240 ST MICHEL SUR ORGE;48.6360;2.3028;"
dunia.gouchet@eurovia.com";Materiel blanc 
MRF;MATERIAUX ROUTIERS FRANCILIENS;MRF (Siège Social);94000;BONNEUIL SUR MARNE;48.7697;2.4873;Ile-de-France;France;"10 carrefour Charles de Gaulle
94380 Bonneuil sur Marne";48.7705;2.4889;;Materiel blanc 
MEL;MEL ;MEL Grigny;91000;Grigny;48.6530;2.3880;Ile-de-France;France;"ZONE INDUSTRIELLE
LA PLAINE BASSE
91350 GRIGNY";48.6552;2.3910;;
MEL;MEL;MEL Thiverval-Grignon;78000;THIVERVAL GRIGNON ;48.8470;1.9260;Ile-de-France;France;"ZA DU PONT CAILLOUX
RTE DES NOURRICES
78850 THIVERVAL-GRIGNON";48.8465;1.9282;;
MEL;MEL;MEL MOISSY-CRAMAYEL;77000;Moissy Cramayel;48.6254;2.5936;Ile-de-France;France;"RUE LOUIS DE BROGLIE
77550 MOISSY-CRAMAYEL";48.6260;2.5942;;
MRF;MATERIAUX ROUTIERS FRANCILIENS;MRF;93000;Aubervilliers;48.9146078;2.3821895;Ile-de-France;France;"QUAI ADRIEN AGNES
93300 AUBERVILLIERS";48.9115;2.3852;;
SPL;SPL;SPL NANTERRE;92000;NANTERRE;48.8920;2.2060;Ile-de-France;France;"AVENUE JULES QUENTIN
92000 NANTERRE";48.8925;2.2070;;
MEL;MEL;MEL VERT-LE-GRAND;91000;VERT LE GRAND;48.5680;2.3530;Ile-de-France;France;"LD L'ORME AUX CHATS
91810 VERT-LE-GRAND";48.5686;2.3542;;
SPL;SPL;SPL Les Mureaux;78000;Les mureaux;48.9931578;1.909928;Ile-de-France;France;"ZI LES GARENNES
RUE DU PETIT CHEMIN DE FLINS
78130 LES MUREAUX";48.9915;1.9102;;
SPL;SPL;SPL Gennevilliers;92000;Gennevilliers;48.9254221;2.2940122;Ile-de-France;France;"13 ROUTE DU PORT CHARBONNIER
92230 GENNEVILLIERS";48.9340;2.3012;;
MRF;MRF;MRF Massy;91000;Massy;48.730158;2.2766735;Ile-de-France;France;ROUTE DE LA BONDE,91300 MASSY;48.7306;2.2741;;
;;;;;;;;;;;;;
;;;;;;;;;;;;;
;;;;;;;;;;;;;
;;;;;;;;;;;;;
;;;;;;;;;;;;;
;;;;;;;;;;;;;
;;;;;;;;;;;;;
;;;;;;;;;;;;;
;;;;;;;;;;;;;
;;;;;;;;;;;;;
;;;;;;;;;;;;;
;;;;;;;;;;;;;
;;;;;;;;;;;;;
;;;;;;;;;;;;;
;;;;;;;;;;;;;
;;;;;;;;;;;;;
;;;;;;;;;;;;;
;;;;;;;;;;;;;
;;;75000;Paris  ;48.8608;2.3458;Ile-de-France;France;;;;;
;;;75000;Paris  ;48.8719;2.3574;Ile-de-France;France;;;;;
;;;75000;Paris  ;48.85846;2.37959;Ile-de-France;France;;;;;
;;;75000;Paris  ;48.84099;2.38794;Ile-de-France;France;;;;;
;;;75000;Paris  ;48.83234;2.35551;Ile-de-France;France;;;;;
;;;75000;Paris  ;48.83292;2.3268;Ile-de-France;France;;;;;
;;;75000;Paris  ;48.84132;2.30024;Ile-de-France;France;;;;;
;;;75000;Paris  ;48.86278;2.27611;Ile-de-France;France;;;;;
;;;75000;Paris  ;48.88435;2.32207;Ile-de-France;France;;;;;
;;;75000;Paris  ;48.89234;2.34455;Ile-de-France;France;;;;;
;;;75000;Paris  ;48.88277;2.38203;Ile-de-France;France;;;;;
;;;75000;Paris  ;48.85995;2.34206;Ile-de-France;France;;;;;
;;;75000;Paris  ;48.8651;2.39903;Ile-de-France;France;;;;;
;;;75000;Paris  ;48.86689;2.34047;Ile-de-France;France;;;;;
;;;75000;Paris  ;48.86403;2.36153;Ile-de-France;France;;;;;
;;;75000;Paris  ;48.85619;2.35568;Ile-de-France;France;;;;;
;;;75000;Paris  ;48.8462;2.34462;Ile-de-France;France;;;;;
;;;75000;Paris  ;48.85057;2.33273;Ile-de-France;France;;;;;
;;;75000;Paris  ;48.8569;2.31995;Ile-de-France;France;;;;;
;;;75000;Paris  ;48.87782;2.31781;Ile-de-France;France;;;;;
;;;75000;Paris  ;48.87248;2.34042;Ile-de-France;France;;;;;
;;;77000;Acheres la Foret;48.35361;2.57028;Ile-de-France;France;;;;;
;;;77000;Amillis;48.74028;3.13056;Ile-de-France;France;;;;;
;;;77000;Amponville;48.27889;2.52944;Ile-de-France;France;;;;;
;;;77000;Andrezel;48.61111;2.81361;Ile-de-France;France;;;;;
;;;77000;Annet sur Marne;48.92694;2.71972;Ile-de-France;France;;;;;
;;;77000;Arbonne la Foret;48.41361;2.56444;Ile-de-France;France;;;;;
;;;77000;Argentieres;48.65445;2.87028;Ile-de-France;France;;;;;
;;;77000;Armentieres en Brie;48.97833;3.02056;Ile-de-France;France;;;;;
;;;77000;Arville;48.18694;2.54972;Ile-de-France;France;;;;;
;;;77000;Aubepierre Ozouer le Repos;48.63083;2.88722;Ile-de-France;France;;;;;
;;;77000;Aufferville;48.21417;2.61;Ile-de-France;France;;;;;
;;;77000;Augers en Brie;48.68028;3.35861;Ile-de-France;France;;;;;
;;;77000;Aulnoy;48.84167;3.09611;Ile-de-France;France;;;;;
;;;77000;Avon;48.40778;2.72361;Ile-de-France;France;;;;;
;;;77000;Baby;48.39722;3.34194;Ile-de-France;France;;;;;
;;;77000;Bagneaux sur Loing;48.22889;2.70556;Ile-de-France;France;;;;;
;;;77000;Bailly Romainvilliers;48.84028;2.81139;Ile-de-France;France;;;;;
;;;77000;Balloy;48.39722;3.14722;Ile-de-France;France;;;;;
;;;77000;Bannost Villegagnon;48.67805;3.1925;Ile-de-France;France;;;;;
;;;77000;Barbey;48.365;3.05694;Ile-de-France;France;;;;;
;;;77000;Barbizon;48.44695;2.60278;Ile-de-France;France;;;;;
;;;77000;Barcy;49.01778;2.88111;Ile-de-France;France;;;;;
;;;77000;Bassevelle;48.92833;3.28778;Ile-de-France;France;;;;;
;;;77000;Bazoches les Bray;48.39944;3.18917;Ile-de-France;France;;;;;
;;;77000;Beauchery Saint Martin;48.615;3.40417;Ile-de-France;France;;;;;
;;;77000;Beaumont du Gatinais;48.13611;2.47556;Ile-de-France;France;;;;;
;;;77000;Beautheil Saints;48.75861;3.05083;Ile-de-France;France;;;;;
;;;77000;Beauvoir;48.64528;2.86417;Ile-de-France;France;;;;;
;;;77000;Bellot;48.85722;3.31917;Ile-de-France;France;;;;;
;;;77000;Bernay Vilbert;48.67694;2.93833;Ile-de-France;France;;;;;
;;;77000;Beton Bazoches;48.70167;3.245;Ile-de-France;France;;;;;
;;;77000;Bezalles;48.67833;3.24389;Ile-de-France;France;;;;;
;;;77000;Blandy;48.56583;2.7825;Ile-de-France;France;;;;;
;;;77000;Blennes;48.25722;3.02417;Ile-de-France;France;;;;;
;;;77000;Bois le Roi;48.46972;2.70639;Ile-de-France;France;;;;;
;;;77000;Boisdon;48.68444;3.225;Ile-de-France;France;;;;;
;;;77000;Boissettes;48.52139;2.61056;Ile-de-France;France;;;;;
;;;77000;Boissise la Bertrand;48.5275;2.58861;Ile-de-France;France;;;;;
;;;77000;Boissise le Roi;48.52806;2.57306;Ile-de-France;France;;;;;
;;;77000;Boissy aux Cailles;48.31944;2.50389;Ile-de-France;France;;;;;
;;;77000;Boissy le Chatel;48.82083;3.13861;Ile-de-France;France;;;;;
;;;77000;Boitron;48.89611;3.26167;Ile-de-France;France;;;;;
;;;77000;Bombon;48.57361;2.85944;Ile-de-France;France;;;;;
;;;77000;Bougligny;48.195;2.6575;Ile-de-France;France;;;;;
;;;77000;Boulancourt;48.2575;2.435;Ile-de-France;France;;;;;
;;;77000;Bouleurs;48.88278;2.90778;Ile-de-France;France;;;;;
;;;77000;Bourron Marlotte;48.33944;2.70083;Ile-de-France;France;;;;;
;;;77000;Boutigny;48.92;2.93028;Ile-de-France;France;;;;;
;;;77000;Bransles;48.15167;2.83333;Ile-de-France;France;;;;;
;;;77000;Bray sur Seine;48.41556;3.24111;Ile-de-France;France;;;;;
;;;77000;Breau;48.56139;2.87917;Ile-de-France;France;;;;;
;;;77000;Brie Comte Robert;48.69111;2.61167;Ile-de-France;France;;;;;
;;;77000;La Brosse Montceaux;48.34306;3.02083;Ile-de-France;France;;;;;
;;;77000;Brou sur Chantereine;48.88278;2.6325;Ile-de-France;France;;;;;
;;;77000;Burcy;48.23833;2.5225;Ile-de-France;France;;;;;
;;;77000;Bussieres;48.92194;3.23472;Ile-de-France;France;;;;;
;;;77000;Bussy Saint Georges;48.84222;2.69833;Ile-de-France;France;;;;;
;;;77000;Bussy Saint Martin;48.85;2.6925;Ile-de-France;France;;;;;
;;;77000;Buthiers;48.28528;2.42861;Ile-de-France;France;;;;;
;;;77000;Cannes ecluse;48.36361;2.98556;Ile-de-France;France;;;;;
;;;77000;Carnetin;48.90111;2.70528;Ile-de-France;France;;;;;
;;;77000;La Celle sur Morin;48.80639;2.9675;Ile-de-France;France;;;;;
;;;77000;Cely;48.46028;2.53889;Ile-de-France;France;;;;;
;;;77000;Cerneux;48.69389;3.34639;Ile-de-France;France;;;;;
;;;77000;Cesson;48.56333;2.60528;Ile-de-France;France;;;;;
;;;77000;Cessoy en Montois;48.505;3.14806;Ile-de-France;France;;;;;
;;;77000;Chailly en Biere;48.46695;2.6075;Ile-de-France;France;;;;;
;;;77000;Chailly en Brie;48.79028;3.12472;Ile-de-France;France;;;;;
;;;77000;Chaintreaux;48.19889;2.82056;Ile-de-France;France;;;;;
;;;77000;Chalautre la Grande;48.54222;3.46083;Ile-de-France;France;;;;;
;;;77000;Chalautre la Petite;48.52806;3.31472;Ile-de-France;France;;;;;
;;;77000;Chalifert;48.88806;2.77278;Ile-de-France;France;;;;;
;;;77000;Chalmaison;48.48167;3.25111;Ile-de-France;France;;;;;
;;;77000;Chambry;48.99833;2.89417;Ile-de-France;France;;;;;
;;;77000;Chamigny;48.97445;3.15194;Ile-de-France;France;;;;;
;;;77000;Champagne sur Seine;48.39556;2.79583;Ile-de-France;France;;;;;
;;;77000;Champcenest;48.67028;3.28333;Ile-de-France;France;;;;;
;;;77000;Champdeuil;48.62056;2.73167;Ile-de-France;France;;;;;
;;;77000;Champeaux;48.58444;2.80694;Ile-de-France;France;;;;;
;;;77000;Champs sur Marne;48.85167;2.60167;Ile-de-France;France;;;;;
;;;77000;Changis sur Marne;48.95694;3.01583;Ile-de-France;France;;;;;
;;;77000;Chanteloup en Brie;48.85639;2.73917;Ile-de-France;France;;;;;
;;;77000;La Chapelle Gauthier;48.54917;2.89889;Ile-de-France;France;;;;;
;;;77000;La Chapelle Iger;48.65278;2.98972;Ile-de-France;France;;;;;
;;;77000;La Chapelle La Reine;48.31694;2.56917;Ile-de-France;France;;;;;
;;;77000;La Chapelle Moutils;48.775;3.39139;Ile-de-France;France;;;;;
;;;77000;La Chapelle Rablais;48.50833;2.94667;Ile-de-France;France;;;;;
;;;77000;La Chapelle Saint Sulpice;48.555;3.17889;Ile-de-France;France;;;;;
;;;77000;Les Chapelles Bourbon;48.74139;2.84139;Ile-de-France;France;;;;;
;;;77000;Charmentray;48.94611;2.77611;Ile-de-France;France;;;;;
;;;77000;Charny;48.97028;2.76167;Ile-de-France;France;;;;;
;;;77000;Chartrettes;48.49;2.70056;Ile-de-France;France;;;;;
;;;77000;Chartronges;48.74639;3.26972;Ile-de-France;France;;;;;
;;;77000;Chateau Landon;48.14861;2.70194;Ile-de-France;France;;;;;
;;;77000;Chateaubleau;48.58833;3.10944;Ile-de-France;France;;;;;
;;;77000;Le Chatelet en Brie;48.50528;2.79333;Ile-de-France;France;;;;;
;;;77000;Chatenay sur Seine;48.42083;3.1;Ile-de-France;France;;;;;
;;;77000;Chatenoy;48.2325;2.62694;Ile-de-France;France;;;;;
;;;77000;Chatillon la Borde;48.54333;2.80944;Ile-de-France;France;;;;;
;;;77000;Chatres;48.71056;2.80972;Ile-de-France;France;;;;;
;;;77000;Chauconin Neufmontiers;48.97583;2.83861;Ile-de-France;France;;;;;
;;;77000;Chauffry;48.81306;3.18222;Ile-de-France;France;;;;;
;;;77000;Chaumes en Brie;48.66583;2.8425;Ile-de-France;France;;;;;
;;;77000;Chelles;48.87722;2.57833;Ile-de-France;France;;;;;
;;;77000;Chenoise Cucharmoy;48.61583;3.19556;Ile-de-France;France;;;;;
;;;77000;Chenou;48.16556;2.65861;Ile-de-France;France;;;;;
;;;77000;Chessy;48.88055;2.76444;Ile-de-France;France;;;;;
;;;77000;Chevrainvilliers;48.24417;2.615;Ile-de-France;France;;;;;
;;;77000;Chevru;48.73639;3.19694;Ile-de-France;France;;;;;
;;;77000;Chevry Cossigny;48.72417;2.65806;Ile-de-France;France;;;;;
;;;77000;Chevry en Sereine;48.25278;2.94361;Ile-de-France;France;;;;;
;;;77000;Choisy en Brie;48.75889;3.21944;Ile-de-France;France;;;;;
;;;77000;Citry;48.96806;3.24083;Ile-de-France;France;;;;;
;;;77000;Claye Souilly;48.94333;2.68861;Ile-de-France;France;;;;;
;;;77000;Clos Fontaine;48.60722;3.01722;Ile-de-France;France;;;;;
;;;77000;Cocherel;49.02083;3.10194;Ile-de-France;France;;;;;
;;;77000;Collegien;48.83833;2.67139;Ile-de-France;France;;;;;
;;;77000;Combs la Ville;48.66528;2.55167;Ile-de-France;France;;;;;
;;;77000;Compans;48.99472;2.66444;Ile-de-France;France;;;;;
;;;77000;Conches sur Gondoire;48.85583;2.71528;Ile-de-France;France;;;;;
;;;77000;Conde Sainte Libiaire;48.89694;2.83194;Ile-de-France;France;;;;;
;;;77000;Congis sur Therouanne;49.00611;2.97889;Ile-de-France;France;;;;;
;;;77000;Coubert;48.67139;2.69778;Ile-de-France;France;;;;;
;;;77000;Couilly Pont aux Dames;48.88556;2.85972;Ile-de-France;France;;;;;
;;;77000;Coulombs en Valois;49.06917;3.12778;Ile-de-France;France;;;;;
;;;77000;Coulommes;48.89083;2.93111;Ile-de-France;France;;;;;
;;;77000;Coulommiers;48.81667;3.085;Ile-de-France;France;;;;;
;;;77000;Coupvray;48.8925;2.79389;Ile-de-France;France;;;;;
;;;77000;Courcelles en Bassee;48.40944;3.05472;Ile-de-France;France;;;;;
;;;77000;Courchamp;48.63778;3.28722;Ile-de-France;France;;;;;
;;;77000;Courpalay;48.6475;2.95889;Ile-de-France;France;;;;;
;;;77000;Courquetaine;48.67694;2.74722;Ile-de-France;France;;;;;
;;;77000;Courtacon;48.69611;3.2925;Ile-de-France;France;;;;;
;;;77000;Courtomer;48.65389;2.90333;Ile-de-France;France;;;;;
;;;77000;Courtry;48.91806;2.60361;Ile-de-France;France;;;;;
;;;77000;Coutencon;48.47055;2.99694;Ile-de-France;France;;;;;
;;;77000;Coutevroult;48.86306;2.85222;Ile-de-France;France;;;;;
;;;77000;Crecy la Chapelle;48.8575;2.91194;Ile-de-France;France;;;;;
;;;77000;Cregy les Meaux;48.97944;2.87694;Ile-de-France;France;;;;;
;;;77000;Crevecœur en Brie;48.75389;2.90778;Ile-de-France;France;;;;;
;;;77000;Crisenoy;48.59722;2.74556;Ile-de-France;France;;;;;
;;;77000;Croissy Beaubourg;48.82944;2.66;Ile-de-France;France;;;;;
;;;77000;La Croix en Brie;48.59333;3.07528;Ile-de-France;France;;;;;
;;;77000;Crouy sur Ourcq;49.09028;3.07694;Ile-de-France;France;;;;;
;;;77000;Cuisy;49.01944;2.77389;Ile-de-France;France;;;;;
;;;77000;Dagny;48.71778;3.17278;Ile-de-France;France;;;;;
;;;77000;Dammarie les Lys;48.52722;2.64;Ile-de-France;France;;;;;
;;;77000; DAMMARTIN EN GOELE;49.05333;2.67944;Ile-de-France;France;;;;;
;;;77000;Dammartin sur Tigeaux;48.8175;2.92333;Ile-de-France;France;;;;;
;;;77000;Dampmart;48.88667;2.73583;Ile-de-France;France;;;;;
;;;77000;Darvault;48.27056;2.73611;Ile-de-France;France;;;;;
;;;77000;Dhuisy;49.03944;3.16139;Ile-de-France;France;;;;;
;;;77000;Diant;48.28083;2.99306;Ile-de-France;France;;;;;
;;;77000;Donnemarie Dontilly;48.47583;3.12722;Ile-de-France;France;;;;;
;;;77000;Dormelles;48.31583;2.90139;Ile-de-France;France;;;;;
;;;77000;Doue;48.86555;3.16472;Ile-de-France;France;;;;;
;;;77000;Douy la Ramee;49.06611;2.8825;Ile-de-France;France;;;;;
;;;77000;Echouboulains;48.46472;2.94611;Ile-de-France;France;;;;;
;;;77000;Les ecrennes;48.50444;2.85833;Ile-de-France;France;;;;;
;;;77000;Egligny;48.42694;3.12083;Ile-de-France;France;;;;;
;;;77000;Egreville;48.17556;2.87278;Ile-de-France;France;;;;;
;;;77000;emerainville;48.8125;2.62028;Ile-de-France;France;;;;;
;;;77000;Esbly;48.90667;2.8125;Ile-de-France;France;;;;;
;;;77000;Esmans;48.34917;2.97694;Ile-de-France;France;;;;;
;;;77000;Etrepilly;49.03472;2.93222;Ile-de-France;France;;;;;
;;;77000;Everly;48.46639;3.25083;Ile-de-France;France;;;;;
;;;77000;Evry Gregy sur Yerre;48.65278;2.635;Ile-de-France;France;;;;;
;;;77000;Faremoutiers;48.79972;2.99778;Ile-de-France;France;;;;;
;;;77000;Favieres;48.76306;2.77528;Ile-de-France;France;;;;;
;;;77000;Fay les Nemours;48.2325;2.68583;Ile-de-France;France;;;;;
;;;77000;Fericy;48.45944;2.80139;Ile-de-France;France;;;;;
;;;77000;Ferolles Attilly;48.73222;2.62833;Ile-de-France;France;;;;;
;;;77000;Ferrieres en Brie;48.82306;2.70833;Ile-de-France;France;;;;;
;;;77000;La Ferte Gaucher;48.7825;3.30528;Ile-de-France;France;;;;;
;;;77000;La Ferte sous Jouarre;48.95028;3.1275;Ile-de-France;France;;;;;
;;;77000;Flagy;48.31167;2.92194;Ile-de-France;France;;;;;
;;;77000;Fleury en Biere;48.45111;2.54917;Ile-de-France;France;;;;;
;;;77000;Fontaine Fourches;48.41222;3.39556;Ile-de-France;France;;;;;
;;;77000;Fontaine le Port;48.48611;2.76389;Ile-de-France;France;;;;;
;;;77000;Fontainebleau;48.40805;2.69944;Ile-de-France;France;;;;;
;;;77000;Fontains;48.52583;3.00278;Ile-de-France;France;;;;;
;;;77000;Fontenailles;48.55639;2.95556;Ile-de-France;France;;;;;
;;;77000;Fontenay Tresigny;48.7075;2.86417;Ile-de-France;France;;;;;
;;;77000;Forfry;49.05722;2.84889;Ile-de-France;France;;;;;
;;;77000;Forges;48.41833;2.96111;Ile-de-France;France;;;;;
;;;77000;Fouju;48.58556;2.77806;Ile-de-France;France;;;;;
;;;77000;Fresnes sur Marne;48.9375;2.74111;Ile-de-France;France;;;;;
;;;77000;Fretoy;48.70389;3.19889;Ile-de-France;France;;;;;
;;;77000;Fromont;48.25472;2.50278;Ile-de-France;France;;;;;
;;;77000;Fublaines;48.9375;2.93639;Ile-de-France;France;;;;;
;;;77000;Garentreville;48.23556;2.54917;Ile-de-France;France;;;;;
;;;77000;Gastins;48.62944;3.02167;Ile-de-France;France;;;;;
;;;77000;La Genevraye;48.31972;2.74667;Ile-de-France;France;;;;;
;;;77000;Germigny l'eveque;48.99194;2.94528;Ile-de-France;France;;;;;
;;;77000;Germigny sous Coulombs;49.06361;3.15972;Ile-de-France;France;;;;;
;;;77000;Gesvres le Chapitre;49.04389;2.85222;Ile-de-France;France;;;;;
;;;77000;Giremoutiers;48.84306;3.03056;Ile-de-France;France;;;;;
;;;77000;Gironville;48.18583;2.52861;Ile-de-France;France;;;;;
;;;77000;Gouaix;48.48444;3.29556;Ile-de-France;France;;;;;
;;;77000;Gouvernes;48.86056;2.69167;Ile-de-France;France;;;;;
;;;77000;La Grande Paroisse;48.38694;2.89778;Ile-de-France;France;;;;;
;;;77000;Grandpuits Bailly Carrois;48.585;2.96611;Ile-de-France;France;;;;;
;;;77000;Gravon;48.39833;3.12028;Ile-de-France;France;;;;;
;;;77000;Gressy;48.96556;2.67389;Ile-de-France;France;;;;;
;;;77000;Gretz Armainvilliers;48.74083;2.73222;Ile-de-France;France;;;;;
;;;77000;Grez sur Loing;48.31694;2.69111;Ile-de-France;France;;;;;
;;;77000;Grisy Suisnes;48.68528;2.66861;Ile-de-France;France;;;;;
;;;77000;Grisy sur Seine;48.43889;3.32;Ile-de-France;France;;;;;
;;;77000;Guerard;48.82361;2.95917;Ile-de-France;France;;;;;
;;;77000;Guercheville;48.25917;2.55806;Ile-de-France;France;;;;;
;;;77000;Guermantes;48.85472;2.70417;Ile-de-France;France;;;;;
;;;77000;Guignes;48.63722;2.7975;Ile-de-France;France;;;;;
;;;77000;Gurcy le Chatel;48.47028;3.09194;Ile-de-France;France;;;;;
;;;77000;La Haute Maison;48.88194;3.0025;Ile-de-France;France;;;;;
;;;77000;Hautefeuille;48.76611;2.96833;Ile-de-France;France;;;;;
;;;77000;Hericy;48.44667;2.7625;Ile-de-France;France;;;;;
;;;77000;Herme;48.48167;3.34389;Ile-de-France;France;;;;;
;;;77000;Hondevilliers;48.89944;3.30917;Ile-de-France;France;;;;;
;;;77000;La Houssaye en Brie;48.75389;2.87417;Ile-de-France;France;;;;;
;;;77000;Ichy;48.20167;2.54917;Ile-de-France;France;;;;;
;;;77000;Isles les Meldeuses;48.99833;3.00472;Ile-de-France;France;;;;;
;;;77000;Isles les Villenoy;48.91167;2.82833;Ile-de-France;France;;;;;
;;;77000;Iverny;48.99944;2.79;Ile-de-France;France;;;;;
;;;77000;Jablines;48.91694;2.76194;Ile-de-France;France;;;;;
;;;77000;Jaignes;48.99083;3.05361;Ile-de-France;France;;;;;
;;;77000;Jaulnes;48.41778;3.27361;Ile-de-France;France;;;;;
;;;77000;Jossigny;48.83805;2.75306;Ile-de-France;France;;;;;
;;;77000;Jouarre;48.9275;3.12889;Ile-de-France;France;;;;;
;;;77000;Jouy le Chatel;48.66722;3.12972;Ile-de-France;France;;;;;
;;;77000;Jouy sur Morin;48.79528;3.2725;Ile-de-France;France;;;;;
;;;77000;Juilly;49.0125;2.70694;Ile-de-France;France;;;;;
;;;77000;Jutigny;48.49861;3.23333;Ile-de-France;France;;;;;
;;;77000;Lagny sur Marne;48.87278;2.70972;Ile-de-France;France;;;;;
;;;77000;Larchant;48.28417;2.59611;Ile-de-France;France;;;;;
;;;77000;Laval en Brie;48.42389;2.99778;Ile-de-France;France;;;;;
;;;77000;Lechelle;48.57722;3.39111;Ile-de-France;France;;;;;
;;;77000;Lescherolles;48.76333;3.34611;Ile-de-France;France;;;;;
;;;77000;Lesches;48.9075;2.77917;Ile-de-France;France;;;;;
;;;77000;Lesigny;48.74417;2.61639;Ile-de-France;France;;;;;
;;;77000;Leudon en Brie;48.73417;3.27139;Ile-de-France;France;;;;;
;;;77000;Lieusaint;48.63139;2.5525;Ile-de-France;France;;;;;
;;;77000;Limoges Fourches;48.62695;2.66556;Ile-de-France;France;;;;;
;;;77000;Lissy;48.62695;2.69611;Ile-de-France;France;;;;;
;;;77000;Liverdy en Brie;48.70028;2.77611;Ile-de-France;France;;;;;
;;;77000;Livry sur Seine;48.51222;2.68583;Ile-de-France;France;;;;;
;;;77000;Lizines;48.52639;3.17944;Ile-de-France;France;;;;;
;;;77000;Lizy sur Ourcq;49.02417;3.02222;Ile-de-France;France;;;;;
;;;77000;Lognes;48.83528;2.63;Ile-de-France;France;;;;;
;;;77000;Longperrier;49.05222;2.65944;Ile-de-France;France;;;;;
;;;77000;Longueville;48.51389;3.24639;Ile-de-France;France;;;;;
;;;77000;Lorrez le Bocage Preaux;48.23639;2.90167;Ile-de-France;France;;;;;
;;;77000;Louan Villegruis Fontaine;48.62556;3.48;Ile-de-France;France;;;;;
;;;77000;Luisetaines;48.46722;3.18111;Ile-de-France;France;;;;;
;;;77000;Lumigny Nesles Ormeaux;48.7375;2.95278;Ile-de-France;France;;;;;
;;;77000;Luzancy;48.97222;3.1875;Ile-de-France;France;;;;;
;;;77000;Machault;48.45528;2.83028;Ile-de-France;France;;;;;
;;;77000;La Madeleine sur loing;48.20333;2.70667;Ile-de-France;France;;;;;
;;;77000;Magny le Hongre;48.86306;2.81333;Ile-de-France;France;;;;;
;;;77000;Maincy;48.55028;2.70111;Ile-de-France;France;;;;;
;;;77000;Maison Rouge;48.55889;3.15056;Ile-de-France;France;;;;;
;;;77000;Maisoncelles en Brie;48.86333;2.99222;Ile-de-France;France;;;;;
;;;77000;Maisoncelles en Gatinais;48.18722;2.62556;Ile-de-France;France;;;;;
;;;77000;Marchemoret;49.04972;2.77167;Ile-de-France;France;;;;;
;;;77000;Marcilly;49.03611;2.88194;Ile-de-France;France;;;;;
;;;77000;Les Marets;48.67083;3.31333;Ile-de-France;France;;;;;
;;;77000;Mareuil les Meaux;48.92583;2.86;Ile-de-France;France;;;;;
;;;77000;Marles en Brie;48.72833;2.87944;Ile-de-France;France;;;;;
;;;77000;Marolles en Brie;48.77806;3.165;Ile-de-France;France;;;;;
;;;77000;Marolles sur Seine;48.38528;3.03194;Ile-de-France;France;;;;;
;;;77000;Mary sur Marne;49.01444;3.02944;Ile-de-France;France;;;;;
;;;77000;Mauperthuis;48.76861;3.03944;Ile-de-France;France;;;;;
;;;77000;Mauregard;49.0325;2.58167;Ile-de-France;France;;;;;
;;;77000;May en Multien;49.0725;3.02361;Ile-de-France;France;;;;;
;;;77000;Meaux;48.95889;2.88778;Ile-de-France;France;;;;;
;;;77000;Le Mee sur Seine;48.53333;2.62889;Ile-de-France;France;;;;;
;;;77000;Meigneux;48.51167;3.10556;Ile-de-France;France;;;;;
;;;77000;Meilleray;48.79028;3.42611;Ile-de-France;France;;;;;
;;;77000;Melun   ;48.54056;2.65722;Ile-de-France;France;;;;;
;;;77000;Melz sur Seine;48.49805;3.41806;Ile-de-France;France;;;;;
;;;77000;Mery sur Marne;48.96639;3.19944;Ile-de-France;France;;;;;
;;;77000;Le Mesnil Amelot;49.01667;2.59472;Ile-de-France;France;;;;;
;;;77000;Messy;48.96695;2.7025;Ile-de-France;France;;;;;
;;;77000;Misy sur Yonne;48.36;3.09194;Ile-de-France;France;;;;;
;;;77000;Mitry Mory;48.98333;2.61778;Ile-de-France;France;;;;;
;;;77000;Moisenay;48.56278;2.73611;Ile-de-France;France;;;;;
;;;77000;MOISSY CRAMAYEL;48.62722;2.59444;Ile-de-France;France;;;;;
;;;77000;Mondreville;48.14194;2.61056;Ile-de-France;France;;;;;
;;;77000;Mons en Montois;48.48889;3.14722;Ile-de-France;France;;;;;
;;;77000;Montceaux les Meaux;48.94278;2.98722;Ile-de-France;France;;;;;
;;;77000;Montceaux les Provins;48.69417;3.43944;Ile-de-France;France;;;;;
;;;77000;Montcourt Fromonville;48.30472;2.70444;Ile-de-France;France;;;;;
;;;77000;Montdauphin;48.85194;3.42833;Ile-de-France;France;;;;;
;;;77000;Montenils;48.84389;3.4775;Ile-de-France;France;;;;;
;;;77000;Montereau Fault Yonne;48.38528;2.95083;Ile-de-France;France;;;;;
;;;77000;Montereau sur le Jard;48.59167;2.66972;Ile-de-France;France;;;;;
;;;77000;Montevrain;48.875;2.745;Ile-de-France;France;;;;;
;;;77000;Montge en Goële;49.02806;2.74833;Ile-de-France;France;;;;;
;;;77000;Monthyon;49.00694;2.82778;Ile-de-France;France;;;;;
;;;77000;Montigny le Guesdier;48.38333;3.25556;Ile-de-France;France;;;;;
;;;77000;Montigny Lencoup;48.45278;3.06417;Ile-de-France;France;;;;;
;;;77000;Montigny sur Loing;48.33361;2.745;Ile-de-France;France;;;;;
;;;77000;Montmachoux;48.31805;2.9925;Ile-de-France;France;;;;;
;;;77000;Montolivet;48.83;3.44028;Ile-de-France;France;;;;;
;;;77000;Montry;48.88833;2.82722;Ile-de-France;France;;;;;
;;;77000;Moret Loing et Orvanne;48.37139;2.81444;Ile-de-France;France;;;;;
;;;77000;Mormant;48.60806;2.89167;Ile-de-France;France;;;;;
;;;77000;Mortcerf;48.79028;2.9175;Ile-de-France;France;;;;;
;;;77000;Mortery;48.59917;3.26111;Ile-de-France;France;;;;;
;;;77000;Mouroux;48.82222;3.03806;Ile-de-France;France;;;;;
;;;77000;Mousseaux les Bray;48.41083;3.22917;Ile-de-France;France;;;;;
;;;77000;Moussy le Neuf;49.06333;2.60444;Ile-de-France;France;;;;;
;;;77000;Moussy le Vieux;49.045;2.62583;Ile-de-France;France;;;;;
;;;77000;Mouy sur Seine;48.41972;3.24194;Ile-de-France;France;;;;;
;;;77000;Nandy;48.58167;2.565;Ile-de-France;France;;;;;
;;;77000;Nangis;48.55944;3.01139;Ile-de-France;France;;;;;
;;;77000;Nanteau sur Essonne;48.31583;2.41722;Ile-de-France;France;;;;;
;;;77000;Nanteau sur Lunain;48.25611;2.81056;Ile-de-France;France;;;;;
;;;77000;Nanteuil les Meaux;48.9225;2.90667;Ile-de-France;France;;;;;
;;;77000;Nanteuil sur Marne;48.98139;3.21972;Ile-de-France;France;;;;;
;;;77000;Nantouillet;49.00222;2.70417;Ile-de-France;France;;;;;
;;;77000;Nemours;48.26972;2.69556;Ile-de-France;France;;;;;
;;;77000;Neufmoutiers en Brie;48.7675;2.83111;Ile-de-France;France;;;;;
;;;77000;Noisiel;48.855;2.62806;Ile-de-France;France;;;;;
;;;77000;Noisy Rudignon;48.33556;2.93083;Ile-de-France;France;;;;;
;;;77000;Noisy sur ecole;48.36722;2.50778;Ile-de-France;France;;;;;
;;;77000;Nonville;48.28194;2.79333;Ile-de-France;France;;;;;
;;;77000;Noyen sur Seine;48.45167;3.35111;Ile-de-France;France;;;;;
;;;77000;Obsonville;48.21667;2.56111;Ile-de-France;France;;;;;
;;;77000;Ocquerre;49.0375;3.05944;Ile-de-France;France;;;;;
;;;77000;Oissery;49.06972;2.81889;Ile-de-France;France;;;;;
;;;77000;Orly sur Morin;48.90445;3.23028;Ile-de-France;France;;;;;
;;;77000;Les Ormes sur Voulzie;48.46278;3.22861;Ile-de-France;France;;;;;
;;;77000;Paris  ;48.24333;2.65472;Ile-de-France;France;;;;;
;;;77000;Othis;49.07556;2.67611;Ile-de-France;France;;;;;
;;;77000;Ozoir la Ferriere;48.76167;2.67278;Ile-de-France;France;;;;;
;;;77000;Ozouer le Voulgis;48.66028;2.77472;Ile-de-France;France;;;;;
;;;77000;Paley;48.24055;2.86139;Ile-de-France;France;;;;;
;;;77000;Pamfou;48.46222;2.87194;Ile-de-France;France;;;;;
;;;77000;Paroy;48.47944;3.20083;Ile-de-France;France;;;;;
;;;77000;Passy sur Seine;48.425;3.34944;Ile-de-France;France;;;;;
;;;77000;Pecy;48.65667;3.07917;Ile-de-France;France;;;;;
;;;77000;Penchard;48.98611;2.86056;Ile-de-France;France;;;;;
;;;77000;Perthes;48.47778;2.55361;Ile-de-France;France;;;;;
;;;77000;Pezarches;48.7375;2.99306;Ile-de-France;France;;;;;
;;;77000;Pierre Levee;48.89972;3.03833;Ile-de-France;France;;;;;
;;;77000;Le Pin;48.91444;2.62972;Ile-de-France;France;;;;;
;;;77000;Le Plessis aux Bois;49.0025;2.76944;Ile-de-France;France;;;;;
;;;77000;Le Plessis Feu Aussoux;48.71611;3.03444;Ile-de-France;France;;;;;
;;;77000;Le Plessis L'eveque;49.00722;2.78528;Ile-de-France;France;;;;;
;;;77000;Le PLessis Placy;49.05722;2.98944;Ile-de-France;France;;;;;
;;;77000;Poigny;48.53889;3.28333;Ile-de-France;France;;;;;
;;;77000;Poincy;48.96972;2.93639;Ile-de-France;France;;;;;
;;;77000;Poligny;48.22417;2.74583;Ile-de-France;France;;;;;
;;;77000;Pommeuse;48.81722;3.01722;Ile-de-France;France;;;;;
;;;77000;Pomponne;48.88083;2.67917;Ile-de-France;France;;;;;
;;;77000;Pontault Combault;48.80222;2.60694;Ile-de-France;France;;;;;
;;;77000;Pontcarre;48.8;2.70528;Ile-de-France;France;;;;;
;;;77000;Precy sur Marne;48.93083;2.77528;Ile-de-France;France;;;;;
;;;77000;Presles en Brie;48.71583;2.74222;Ile-de-France;France;;;;;
;;;77000;Pringy;48.52194;2.55972;Ile-de-France;France;;;;;
;;;77000;Provins;48.56194;3.30083;Ile-de-France;France;;;;;
;;;77000;Puisieux;49.06583;2.91667;Ile-de-France;France;;;;;
;;;77000;Quiers;48.60611;2.97139;Ile-de-France;France;;;;;
;;;77000;Quincy Voisins;48.89833;2.88333;Ile-de-France;France;;;;;
;;;77000;Rampillon;48.54972;3.06583;Ile-de-France;France;;;;;
;;;77000;Reau;48.61028;2.62444;Ile-de-France;France;;;;;
;;;77000;Rebais;48.8475;3.23278;Ile-de-France;France;;;;;
;;;77000;Recloses;48.34639;2.64167;Ile-de-France;France;;;;;
;;;77000;Remauville;48.21111;2.82556;Ile-de-France;France;;;;;
;;;77000;Reuil en Brie;48.96083;3.14667;Ile-de-France;France;;;;;
;;;77000;La Rochette;48.52306;2.65972;Ile-de-France;France;;;;;
;;;77000;Roissy en Brie;48.79056;2.65194;Ile-de-France;France;;;;;
;;;77000;Rouilly;48.59222;3.27806;Ile-de-France;France;;;;;
;;;77000;Rouvres;49.06167;2.71806;Ile-de-France;France;;;;;
;;;77000;Rozay en Brie;48.68389;2.95917;Ile-de-France;France;;;;;
;;;77000;Rubelles;48.56111;2.68028;Ile-de-France;France;;;;;
;;;77000;Rumont;48.26556;2.49806;Ile-de-France;France;;;;;
;;;77000;Rupereux;48.63639;3.32944;Ile-de-France;France;;;;;
;;;77000;Saacy sur Marne;48.96167;3.20972;Ile-de-France;France;;;;;
;;;77000;Sablonnieres;48.87556;3.29639;Ile-de-France;France;;;;;
;;;77000;Saint Augustin;48.78528;3.03083;Ile-de-France;France;;;;;
;;;77000;Saint Barthelemy;48.81722;3.36139;Ile-de-France;France;;;;;
;;;77000;Saint Brice;48.56778;3.32806;Ile-de-France;France;;;;;
;;;77000;Saint Cyr sur Morin;48.90667;3.1825;Ile-de-France;France;;;;;
;;;77000;Saint Denis les Rebais;48.83639;3.21083;Ile-de-France;France;;;;;
;;;77000;Saint Fargeau Ponthierry;48.56528;2.53361;Ile-de-France;France;;;;;
;;;77000;Saint Fiacre;48.92278;2.95472;Ile-de-France;France;;;;;
;;;77000;Saint Germain Laval;48.40111;2.99944;Ile-de-France;France;;;;;
;;;77000;Saint Germain Laxis;48.58417;2.71056;Ile-de-France;France;;;;;
;;;77000;Saint Germain sous Doue;48.85278;3.14444;Ile-de-France;France;;;;;
;;;77000;Saint Germain sur ecole;48.47556;2.50917;Ile-de-France;France;;;;;
;;;77000;Saint Germain sur Morin;48.88222;2.85083;Ile-de-France;France;;;;;
;;;77000;Saint Hilliers;48.62139;3.25889;Ile-de-France;France;;;;;
;;;77000;Saint Jean les Deux Jumeaux;48.95139;3.02;Ile-de-France;France;;;;;
;;;77000;Saint Just en Brie;48.59972;3.10472;Ile-de-France;France;;;;;
;;;77000;Saint Leger;48.85306;3.27611;Ile-de-France;France;;;;;
;;;77000;Saint Loup de Naud;48.53611;3.21083;Ile-de-France;France;;;;;
;;;77000;Saint Mammes;48.38667;2.81139;Ile-de-France;France;;;;;
;;;77000;Saint Mard;49.03695;2.69639;Ile-de-France;France;;;;;
;;;77000;Saint Mars Vieux Maisons;48.7425;3.32111;Ile-de-France;France;;;;;
;;;77000;Saint Martin des Champs;48.77861;3.33667;Ile-de-France;France;;;;;
;;;77000;Saint Martin du Boschet;48.73694;3.42806;Ile-de-France;France;;;;;
;;;77000;Saint Martin en Biere;48.43806;2.56806;Ile-de-France;France;;;;;
;;;77000;Saint Mery;48.57778;2.8275;Ile-de-France;France;;;;;
;;;77000;Saint Mesmes;48.98333;2.69417;Ile-de-France;France;;;;;
;;;77000;Saint Ouen en Brie;48.5575;2.91833;Ile-de-France;France;;;;;
;;;77000;Saint Ouen sur Morin;48.90556;3.19222;Ile-de-France;France;;;;;
;;;77000;Saint Pathus;49.06972;2.80028;Ile-de-France;France;;;;;
;;;77000;Saint Pierre les Nemours;48.26639;2.68028;Ile-de-France;France;;;;;
;;;77000;Saint Remy la Vanne;48.79278;3.23333;Ile-de-France;France;;;;;
;;;77000;Saint Sauveur les Bray;48.43778;3.20889;Ile-de-France;France;;;;;
;;;77000;Saint Sauveur sur ecole;48.49694;2.54944;Ile-de-France;France;;;;;
;;;77000;Saint Simeon;48.79833;3.20333;Ile-de-France;France;;;;;
;;;77000;Saint Soupplets;49.03889;2.80583;Ile-de-France;France;;;;;
;;;77000;Saint Thibault des Vignes;48.86917;2.68861;Ile-de-France;France;;;;;
;;;77000;Sainte Aulde;48.99528;3.19889;Ile-de-France;France;;;;;
;;;77000;Sainte Colombe;48.53639;3.26528;Ile-de-France;France;;;;;
;;;77000;Salins;48.42056;3.02194;Ile-de-France;France;;;;;
;;;77000;Sammeron;48.94722;3.08694;Ile-de-France;France;;;;;
;;;77000;Samois sur Seine;48.45222;2.75;Ile-de-France;France;;;;;
;;;77000;Samoreau;48.42389;2.75139;Ile-de-France;France;;;;;
;;;77000;Sancy;48.88556;2.95833;Ile-de-France;France;;;;;
;;;77000;Sancy les Provins;48.69639;3.39444;Ile-de-France;France;;;;;
;;;77000;Savigny le Temple;48.57611;2.58389;Ile-de-France;France;;;;;
;;;77000;Savins;48.51111;3.20083;Ile-de-France;France;;;;;
;;;77000;Seine Port;48.55778;2.54806;Ile-de-France;France;;;;;
;;;77000;Sept Sorts;48.9375;3.10389;Ile-de-France;France;;;;;
;;;77000;Serris;48.84555;2.78778;Ile-de-France;France;;;;;
;;;77000;Servon;48.7175;2.58778;Ile-de-France;France;;;;;
;;;77000;Signy Signets;48.92722;3.06917;Ile-de-France;France;;;;;
;;;77000;Sigy;48.47778;3.1825;Ile-de-France;France;;;;;
;;;77000;Sivry Courtry;48.52861;2.75583;Ile-de-France;France;;;;;
;;;77000;Sognolles en Montois;48.51028;3.16861;Ile-de-France;France;;;;;
;;;77000;Soignolles en Brie;48.65306;2.69861;Ile-de-France;France;;;;;
;;;77000;Soisy Bouy;48.51111;3.29556;Ile-de-France;France;;;;;
;;;77000;Solers;48.65861;2.71806;Ile-de-France;France;;;;;
;;;77000;Souppes sur Loing;48.18583;2.73278;Ile-de-France;France;;;;;
;;;77000;Sourdun;48.53695;3.34833;Ile-de-France;France;;;;;
;;;77000;Tancrou;49.00167;3.05083;Ile-de-France;France;;;;;
;;;77000;Thenisy;48.48889;3.17806;Ile-de-France;France;;;;;
;;;77000;Thieux;49.00972;2.66806;Ile-de-France;France;;;;;
;;;77000;Thomery;48.40944;2.78667;Ile-de-France;France;;;;;
;;;77000;Thorigny sur Marne;48.88556;2.71667;Ile-de-France;France;;;;;
;;;77000;Thoury Ferottes;48.29056;2.94333;Ile-de-France;France;;;;;
;;;77000;Tigeaux;48.8275;2.90111;Ile-de-France;France;;;;;
;;;77000;La Tombe;48.38778;3.09083;Ile-de-France;France;;;;;
;;;77000;Torcy;48.85111;2.65;Ile-de-France;France;;;;;
;;;77000;Touquin;48.73583;3.0125;Ile-de-France;France;;;;;
;;;77000;Tournan en Brie;48.73944;2.7675;Ile-de-France;France;;;;;
;;;77000;Tousson;48.34667;2.45806;Ile-de-France;France;;;;;
;;;77000;La Tretoire;48.87361;3.25194;Ile-de-France;France;;;;;
;;;77000;Treuzy Levelay;48.27694;2.80278;Ile-de-France;France;;;;;
;;;77000;Trilbardou;48.94194;2.80556;Ile-de-France;France;;;;;
;;;77000;Trilport;48.9575;2.94833;Ile-de-France;France;;;;;
;;;77000;Trocy en Multien;49.04222;2.96278;Ile-de-France;France;;;;;
;;;77000;Ury;48.34139;2.60194;Ile-de-France;France;;;;;
;;;77000;Ussy sur Marne;48.955;3.07167;Ile-de-France;France;;;;;
;;;77000;Vaires sur Marne;48.87056;2.64167;Ile-de-France;France;;;;;
;;;77000;Valence en Brie;48.44417;2.89083;Ile-de-France;France;;;;;
;;;77000;Vanville;48.55556;3.10806;Ile-de-France;France;;;;;
;;;77000;Varennes sur Seine;48.375;2.92667;Ile-de-France;France;;;;;
;;;77000;Varreddes;49.00167;2.92972;Ile-de-France;France;;;;;
;;;77000;Vaucourtois;48.89639;2.95306;Ile-de-France;France;;;;;
;;;77000;Le Vaudoue;48.35611;2.52028;Ile-de-France;France;;;;;
;;;77000;Vaudoy en Brie;48.68833;3.08139;Ile-de-France;France;;;;;
;;;77000;VAUX LE PENIL;48.52639;2.685;Ile-de-France;France;;;;;
;;;77000;Vaux sur Lunain;48.22583;2.93806;Ile-de-France;France;;;;;
;;;77000;Vendrest;49.04556;3.095;Ile-de-France;France;;;;;
;;;77000;Verdelot;48.87556;3.36806;Ile-de-France;France;;;;;
;;;77000;Verneuil l'etang;48.64444;2.83278;Ile-de-France;France;;;;;
;;;77000;Vernou la Celle sur Seine;48.38917;2.84889;Ile-de-France;France;;;;;
;;;77000;Vert Saint Denis;48.565;2.61472;Ile-de-France;France;;;;;
;;;77000;Vieux Champagne;48.58111;3.13944;Ile-de-France;France;;;;;
;;;77000;Vignely;48.93139;2.80861;Ile-de-France;France;;;;;
;;;77000;Ville Saint Jacques;48.3425;2.9;Ile-de-France;France;;;;;
;;;77000;Villebeon;48.20694;2.94139;Ile-de-France;France;;;;;
;;;77000;Villecerf;48.32833;2.8475;Ile-de-France;France;;;;;
;;;77000;Villemarechal;48.26667;2.86806;Ile-de-France;France;;;;;
;;;77000;Villemareuil;48.92111;2.97333;Ile-de-France;France;;;;;
;;;77000;Villemer;48.30028;2.82528;Ile-de-France;France;;;;;
;;;77000;Villenauxe la Petite;48.40639;3.31139;Ile-de-France;France;;;;;
;;;77000;Villeneuve le Comte;48.81417;2.83028;Ile-de-France;France;;;;;
;;;77000;Villeneuve les Bordes;48.48639;3.04333;Ile-de-France;France;;;;;
;;;77000;Villeneuve Saint Denis;48.81528;2.79417;Ile-de-France;France;;;;;
;;;77000;Villeneuve sous Dammartin;49.03333;2.64;Ile-de-France;France;;;;;
;;;77000;Villeneuve sur Bellot;48.86389;3.34306;Ile-de-France;France;;;;;
;;;77000;Villenoy;48.94333;2.86361;Ile-de-France;France;;;;;
;;;77000;Villeparisis;48.94583;2.60944;Ile-de-France;France;;;;;
;;;77000;Villeroy;48.98222;2.78222;Ile-de-France;France;;;;;
;;;77000;Villevaude;48.91639;2.65361;Ile-de-France;France;;;;;
;;;77000;Villiers en Biere;48.49528;2.59861;Ile-de-France;France;;;;;
;;;77000;Villiers Saint Georges;48.65083;3.40583;Ile-de-France;France;;;;;
;;;77000;Villiers sous Grez;48.32028;2.6475;Ile-de-France;France;;;;;
;;;77000;Villiers sur Morin;48.86111;2.88167;Ile-de-France;France;;;;;
;;;77000;Villiers sur Seine;48.455;3.37611;Ile-de-France;France;;;;;
;;;77000;Villuis;48.41083;3.35556;Ile-de-France;France;;;;;
;;;77000;Vimpelles;48.43972;3.16583;Ile-de-France;France;;;;;
;;;77000;Vinantes;49.00917;2.73611;Ile-de-France;France;;;;;
;;;77000;Vincy Manœuvre;49.07833;2.96417;Ile-de-France;France;;;;;
;;;77000;Voinsles;48.69167;3.00528;Ile-de-France;France;;;;;
;;;77000;Voisenon;48.57139;2.665;Ile-de-France;France;;;;;
;;;77000;Voulangis;48.85139;2.89917;Ile-de-France;France;;;;;
;;;77000;Voulton;48.61833;3.33417;Ile-de-France;France;;;;;
;;;77000;Voulx;48.28083;2.96972;Ile-de-France;France;;;;;
;;;77000;Vulaines les Provins;48.55972;3.21889;Ile-de-France;France;;;;;
;;;77000;Vulaines sur Seine;48.43195;2.76361;Ile-de-France;France;;;;;
;;;77000;Yebles;48.63806;2.77167;Ile-de-France;France;;;;;
;;;78000;Ablis;48.51667;1.83417;Ile-de-France;France;;;;;
;;;78000;Acheres;48.96194;2.07111;Ile-de-France;France;;;;;
;;;78000;Adainville;48.72278;1.65306;Ile-de-France;France;;;;;
;;;78000;Aigremont;48.90194;2.01917;Ile-de-France;France;;;;;
;;;78000;Allainville;48.45611;1.89694;Ile-de-France;France;;;;;
;;;78000;Les Alluets Le Roi;48.91389;1.91972;Ile-de-France;France;;;;;
;;;78000;Andelu;48.88;1.825;Ile-de-France;France;;;;;
;;;78000;Andresy;48.98222;2.05889;Ile-de-France;France;;;;;
;;;78000;Arnouville les Mantes;48.91111;1.73361;Ile-de-France;France;;;;;
;;;78000;Aubergenville;48.95972;1.85528;Ile-de-France;France;;;;;
;;;78000;Auffargis;48.70222;1.88694;Ile-de-France;France;;;;;
;;;78000;Auffreville Brasseuil;48.95611;1.71139;Ile-de-France;France;;;;;
;;;78000;Aulnay sur Mauldre;48.93083;1.84083;Ile-de-France;France;;;;;
;;;78000;Auteuil;48.84167;1.81861;Ile-de-France;France;;;;;
;;;78000;Autouillet;48.84972;1.80444;Ile-de-France;France;;;;;
;;;78000;Bailly;48.84278;2.08111;Ile-de-France;France;;;;;
;;;78000;Bazainville;48.80333;1.67111;Ile-de-France;France;;;;;
;;;78000;Bazemont;48.92889;1.86528;Ile-de-France;France;;;;;
;;;78000;Bazoches sur Guyonne;48.77889;1.86056;Ile-de-France;France;;;;;
;;;78000;Behoust;48.83028;1.72278;Ile-de-France;France;;;;;
;;;78000;Bennecourt;49.04;1.56583;Ile-de-France;France;;;;;
;;;78000;Beynes;48.85695;1.87333;Ile-de-France;France;;;;;
;;;78000;Blaru;49.04778;1.47972;Ile-de-France;France;;;;;
;;;78000;Boinville en Mantois;48.93;1.75722;Ile-de-France;France;;;;;
;;;78000;Boinville le Gaillard;48.49361;1.87167;Ile-de-France;France;;;;;
;;;78000;Boinvilliers;48.91806;1.66222;Ile-de-France;France;;;;;
;;;78000;Bois d'Arcy;48.80333;2.04;Ile-de-France;France;;;;;
;;;78000;Boissets;48.86083;1.58472;Ile-de-France;France;;;;;
;;;78000;La Boissiere ecole;48.68278;1.64528;Ile-de-France;France;;;;;
;;;78000;Boissy Mauvoisin;48.96222;1.58;Ile-de-France;France;;;;;
;;;78000;Boissy sans Avoir;48.82028;1.79444;Ile-de-France;France;;;;;
;;;78000;Bonnelles;48.6175;2.03028;Ile-de-France;France;;;;;
;;;78000;Bonnieres sur Seine;49.035;1.58028;Ile-de-France;France;;;;;
;;;78000;Bouafle;48.96556;1.89694;Ile-de-France;France;;;;;
;;;78000;Bougival;48.86528;2.14389;Ile-de-France;France;;;;;
;;;78000;Bourdonne;48.75583;1.66444;Ile-de-France;France;;;;;
;;;78000;Breuil Bois Robert;48.94528;1.71722;Ile-de-France;France;;;;;
;;;78000;Breval;48.94444;1.53417;Ile-de-France;France;;;;;
;;;78000;Les Breviaires;48.7075;1.81306;Ile-de-France;France;;;;;
;;;78000;Brueil en Vexin;49.02972;1.81889;Ile-de-France;France;;;;;
;;;78000;Buc;48.77361;2.1275;Ile-de-France;France;;;;;
;;;78000;Buchelay;48.98028;1.67139;Ile-de-France;France;;;;;
;;;78000;Bullion;48.62194;1.99667;Ile-de-France;France;;;;;
;;;78000;CARRIERES SOUS POISSY;48.94111;2.02083;Ile-de-France;France;;;;;
;;;78000;Carrieres sur Seine;48.91472;2.18639;Ile-de-France;France;;;;;
;;;78000;La Celle Les Bordes;48.63528;1.95472;Ile-de-France;France;;;;;
;;;78000;La Celle Saint Cloud;48.84111;2.13444;Ile-de-France;France;;;;;
;;;78000;Cernay la Ville;48.67417;1.97472;Ile-de-France;France;;;;;
;;;78000;Chambourcy;48.90528;2.04056;Ile-de-France;France;;;;;
;;;78000;Chanteloup les Vignes;48.97861;2.03083;Ile-de-France;France;;;;;
;;;78000;Chapet;48.96889;1.9325;Ile-de-France;France;;;;;
;;;78000;Chateaufort;48.7375;2.0925;Ile-de-France;France;;;;;
;;;78000;Chatou;48.89611;2.15167;Ile-de-France;France;;;;;
;;;78000;Chaufour les Bonnieres;49.0175;1.48361;Ile-de-France;France;;;;;
;;;78000;Chavenay;48.85389;1.9875;Ile-de-France;France;;;;;
;;;78000;Chevreuse;48.70667;2.04;Ile-de-France;France;;;;;
;;;78000;Choisel;48.68722;2.01917;Ile-de-France;France;;;;;
;;;78000;Civry la Foret;48.86889;1.61972;Ile-de-France;France;;;;;
;;;78000;Clairefontaine en Yvelines;48.61333;1.90917;Ile-de-France;France;;;;;
;;;78000;Les CLayes sous Bois;48.82278;1.98833;Ile-de-France;France;;;;;
;;;78000;Coignieres;48.74639;1.91944;Ile-de-France;France;;;;;
;;;78000;Conde sur Vesgre;48.74194;1.66083;Ile-de-France;France;;;;;
;;;78000;Conflans Sainte Honorine;48.99917;2.09833;Ile-de-France;France;;;;;
;;;78000;Courgent;48.895;1.65944;Ile-de-France;France;;;;;
;;;78000;Cravent;48.99139;1.49028;Ile-de-France;France;;;;;
;;;78000;Crespieres;48.88361;1.92278;Ile-de-France;France;;;;;
;;;78000;Croissy sur Seine;48.88306;2.1425;Ile-de-France;France;;;;;
;;;78000;Dammartin en Serve;48.90278;1.62028;Ile-de-France;France;;;;;
;;;78000;Dampierre en Yvelines;48.70667;1.9875;Ile-de-France;France;;;;;
;;;78000;Dannemarie;48.7625;1.60833;Ile-de-France;France;;;;;
;;;78000;Davron;48.86611;1.94611;Ile-de-France;France;;;;;
;;;78000;Drocourt;49.05639;1.7675;Ile-de-France;France;;;;;
;;;78000;Ecquevilly;48.94944;1.92333;Ile-de-France;France;;;;;
;;;78000;Elancourt;48.78417;1.95944;Ile-de-France;France;;;;;
;;;78000;Emance;48.59028;1.73028;Ile-de-France;France;;;;;
;;;78000;Epone;48.95639;1.815;Ile-de-France;France;;;;;
;;;78000;Les Essarts Le Roi;48.71667;1.89361;Ile-de-France;France;;;;;
;;;78000;L'etang La Ville;48.87056;2.07333;Ile-de-France;France;;;;;
;;;78000;Evecquemont;49.01306;1.94611;Ile-de-France;France;;;;;
;;;78000;La FaLaise;48.94389;1.83194;Ile-de-France;France;;;;;
;;;78000;Favrieux;48.94417;1.64361;Ile-de-France;France;;;;;
;;;78000;Feucherolles;48.87305;1.97361;Ile-de-France;France;;;;;
;;;78000;Flacourt;48.92805;1.6475;Ile-de-France;France;;;;;
;;;78000;Flexanville;48.85389;1.73694;Ile-de-France;France;;;;;
;;;78000;Flins Neuve eglise;48.89167;1.57972;Ile-de-France;France;;;;;
;;;78000;Flins sur Seine;48.96417;1.87306;Ile-de-France;France;;;;;
;;;78000;Follainville Dennemont;49.02111;1.71528;Ile-de-France;France;;;;;
;;;78000;Fontenay le Fleury;48.81528;2.05;Ile-de-France;France;;;;;
;;;78000;Fontenay Mauvoisin;48.96417;1.65167;Ile-de-France;France;;;;;
;;;78000;Fontenay Saint Pere;49.02639;1.75333;Ile-de-France;France;;;;;
;;;78000;Freneuse;49.04806;1.6025;Ile-de-France;France;;;;;
;;;78000;Gaillon sur Montcient;49.02583;1.89333;Ile-de-France;France;;;;;
;;;78000;Galluis;48.79611;1.79444;Ile-de-France;France;;;;;
;;;78000;Gambais;48.77361;1.67417;Ile-de-France;France;;;;;
;;;78000;Gambaiseuil;48.75667;1.7325;Ile-de-France;France;;;;;
;;;78000;Garancieres;48.82167;1.75861;Ile-de-France;France;;;;;
;;;78000;Gargenville;48.99083;1.81;Ile-de-France;France;;;;;
;;;78000;Gazeran;48.63833;1.77389;Ile-de-France;France;;;;;
;;;78000;Gommecourt;49.07528;1.59556;Ile-de-France;France;;;;;
;;;78000;Goupillieres;48.87917;1.76167;Ile-de-France;France;;;;;
;;;78000;Goussonville;48.91917;1.76639;Ile-de-France;France;;;;;
;;;78000;Grandchamp;48.71889;1.62139;Ile-de-France;France;;;;;
;;;78000;Gressey;48.83417;1.60944;Ile-de-France;France;;;;;
;;;78000;Grosrouvre;48.78305;1.76083;Ile-de-France;France;;;;;
;;;78000;Guernes;49.01056;1.63778;Ile-de-France;France;;;;;
;;;78000;Guerville;48.94389;1.73417;Ile-de-France;France;;;;;
;;;78000;Guitrancourt;49.00778;1.77806;Ile-de-France;France;;;;;
;;;78000;Guyancourt;48.77194;2.07167;Ile-de-France;France;;;;;
;;;78000;Hardricourt;49.00694;1.89611;Ile-de-France;France;;;;;
;;;78000;Hargeville;48.89028;1.74528;Ile-de-France;France;;;;;
;;;78000;La Hauteville;48.70417;1.61833;Ile-de-France;France;;;;;
;;;78000;Herbeville;48.90556;1.8875;Ile-de-France;France;;;;;
;;;78000;Hermeray;48.63778;1.67556;Ile-de-France;France;;;;;
;;;78000;Houdan;48.79028;1.60111;Ile-de-France;France;;;;;
;;;78000;Houilles;48.92722;2.17833;Ile-de-France;France;;;;;
;;;78000;Issou;48.98917;1.79333;Ile-de-France;France;;;;;
;;;78000;Jambville;49.04639;1.85444;Ile-de-France;France;;;;;
;;;78000;Jouars Pontchartrain;48.80222;1.90222;Ile-de-France;France;;;;;
;;;78000;Jouy en Josas;48.77028;2.1675;Ile-de-France;France;;;;;
;;;78000;Jouy Mauvoisin;48.97111;1.64694;Ile-de-France;France;;;;;
;;;78000;Jumeauville;48.91167;1.78833;Ile-de-France;France;;;;;
;;;78000;Juziers;48.99445;1.84528;Ile-de-France;France;;;;;
;;;78000;Lainville en Vexin;49.05889;1.81861;Ile-de-France;France;;;;;
;;;78000;Le Chesnay Rocquencourt;48.83055;2.12167;Ile-de-France;France;;;;;
;;;78000;Levis Saint Nom;48.72445;1.95472;Ile-de-France;France;;;;;
;;;78000;Limay;48.99667;1.73222;Ile-de-France;France;;;;;
;;;78000;Limetz Villez;49.06139;1.55028;Ile-de-France;France;;;;;
;;;78000;Les loges en Josas;48.76556;2.14167;Ile-de-France;France;;;;;
;;;78000;Lommoye;48.99445;1.51444;Ile-de-France;France;;;;;
;;;78000;Longnes;48.92139;1.58833;Ile-de-France;France;;;;;
;;;78000;Longvilliers;48.57861;1.99194;Ile-de-France;France;;;;;
;;;78000;Louveciennes;48.86306;2.11417;Ile-de-France;France;;;;;
;;;78000;Magnanville;48.96722;1.68417;Ile-de-France;France;;;;;
;;;78000;Magny les Hameaux;48.74389;2.06083;Ile-de-France;France;;;;;
;;;78000;Maisons Laffitte;48.94806;2.14139;Ile-de-France;France;;;;;
;;;78000;Mantes la Jolie;48.99361;1.71111;Ile-de-France;France;;;;;
;;;78000;Mantes la Ville;48.97333;1.71;Ile-de-France;France;;;;;
;;;78000;Marcq;48.8625;1.81694;Ile-de-France;France;;;;;
;;;78000;Mareil le Guyon;48.79083;1.85361;Ile-de-France;France;;;;;
;;;78000;Mareil Marly;48.88278;2.07611;Ile-de-France;France;;;;;
;;;78000;Mareil sur Mauldre;48.89278;1.86333;Ile-de-France;France;;;;;
;;;78000;Marly le Roi;48.86806;2.09167;Ile-de-France;France;;;;;
;;;78000;Maule;48.90861;1.85111;Ile-de-France;France;;;;;
;;;78000;Maulette;48.7925;1.62222;Ile-de-France;France;;;;;
;;;78000;Maurecourt;48.99778;2.06333;Ile-de-France;France;;;;;
;;;78000;Maurepas;48.76778;1.92056;Ile-de-France;France;;;;;
;;;78000;Medan;48.95389;1.99417;Ile-de-France;France;;;;;
;;;78000;Menerville;48.95389;1.60417;Ile-de-France;France;;;;;
;;;78000;Mere;48.78917;1.81972;Ile-de-France;France;;;;;
;;;78000;Mericourt;49.03695;1.62889;Ile-de-France;France;;;;;
;;;78000;Le Mesnil Le Roi;48.94194;2.13278;Ile-de-France;France;;;;;
;;;78000;Le Mesnil Saint Denis;48.74389;1.96278;Ile-de-France;France;;;;;
;;;78000;Les Mesnuls;48.75889;1.83806;Ile-de-France;France;;;;;
;;;78000;Meulan en Yvelines;49.00583;1.91139;Ile-de-France;France;;;;;
;;;78000;Mezieres sur Seine;48.95972;1.79333;Ile-de-France;France;;;;;
;;;78000;Mezy sur Seine;49.00222;1.88167;Ile-de-France;France;;;;;
;;;78000;Millemont;48.80972;1.74639;Ile-de-France;France;;;;;
;;;78000;Milon la Chapelle;48.72778;2.05167;Ile-de-France;France;;;;;
;;;78000;Mittainville;48.67083;1.645;Ile-de-France;France;;;;;
;;;78000;Moisson;49.07306;1.66944;Ile-de-France;France;;;;;
;;;78000;Mondreville;48.90361;1.55361;Ile-de-France;France;;;;;
;;;78000;Montainville;48.88278;1.86389;Ile-de-France;France;;;;;
;;;78000;Montalet le Bois;49.04528;1.82722;Ile-de-France;France;;;;;
;;;78000;Montchauvet;48.89278;1.63139;Ile-de-France;France;;;;;
;;;78000;Montesson;48.93;2.13944;Ile-de-France;France;;;;;
;;;78000;Montfort l'Amaury;48.77722;1.80917;Ile-de-France;France;;;;;
;;;78000;Montigny le Bretonneux;48.77167;2.02806;Ile-de-France;France;;;;;
;;;78000;Morainvilliers;48.92889;1.93778;Ile-de-France;France;;;;;
;;;78000;Mousseaux sur Seine;49.04333;1.65139;Ile-de-France;France;;;;;
;;;78000;Mulcent;48.87917;1.65278;Ile-de-France;France;;;;;
;;;78000;Les Mureaux;48.9875;1.91722;Ile-de-France;France;;;;;
;;;78000;Neauphle le Chateau;48.815;1.90167;Ile-de-France;France;;;;;
;;;78000;Neauphle le Vieux;48.81611;1.86361;Ile-de-France;France;;;;;
;;;78000;Neauphlette;48.93278;1.52417;Ile-de-France;France;;;;;
;;;78000;Nezel;48.94361;1.83667;Ile-de-France;France;;;;;
;;;78000;Noisy le Roi;48.84555;2.06444;Ile-de-France;France;;;;;
;;;78000;Notre Dame de la Mer;49.035;1.54639;Ile-de-France;France;;;;;
;;;78000;Oinville sur Montcient;49.02778;1.85056;Ile-de-France;France;;;;;
;;;78000;Orcemont;48.58667;1.81222;Ile-de-France;France;;;;;
;;;78000;Orgerus;48.83972;1.70111;Ile-de-France;France;;;;;
;;;78000;Orgeval;48.92139;1.97556;Ile-de-France;France;;;;;
;;;78000;Orphin;48.57806;1.7825;Ile-de-France;France;;;;;
;;;78000;Orsonville;48.47778;1.83583;Ile-de-France;France;;;;;
;;;78000;Orvilliers;48.85833;1.645;Ile-de-France;France;;;;;
;;;78000;Osmoy;48.86306;1.7175;Ile-de-France;France;;;;;
;;;78000;Paray Douaville;48.46472;1.87806;Ile-de-France;France;;;;;
;;;78000;Le Pecq;48.89417;2.11556;Ile-de-France;France;;;;;
;;;78000;Perdreauville;48.96611;1.6275;Ile-de-France;France;;;;;
;;;78000;Le Perray en Yvelines;48.695;1.85472;Ile-de-France;France;;;;;
;;;78000;Plaisir;48.81667;1.94778;Ile-de-France;France;;;;;
;;;78000;Poigny la Foret;48.67528;1.75444;Ile-de-France;France;;;;;
;;;78000;Poissy;48.93139;2.04972;Ile-de-France;France;;;;;
;;;78000;Ponthevrard;48.55139;1.91278;Ile-de-France;France;;;;;
;;;78000;Porcheville;48.97055;1.78;Ile-de-France;France;;;;;
;;;78000;Le Port Marly;48.87861;2.10889;Ile-de-France;France;;;;;
;;;78000;Prunay en Yvelines;48.5275;1.79611;Ile-de-France;France;;;;;
;;;78000;Prunay le Temple;48.86222;1.67361;Ile-de-France;France;;;;;
;;;78000;La Queue Les Yvelines;48.80639;1.7675;Ile-de-France;France;;;;;
;;;78000;Raizeux;48.62361;1.68417;Ile-de-France;France;;;;;
;;;78000;Rambouillet;48.64944;1.82556;Ile-de-France;France;;;;;
;;;78000;Rennemoulin;48.83556;2.04472;Ile-de-France;France;;;;;
;;;78000;Richebourg;48.82389;1.63917;Ile-de-France;France;;;;;
;;;78000;Rochefort en Yvelines;48.58528;1.98944;Ile-de-France;France;;;;;
;;;78000;Rolleboise;49.01861;1.60917;Ile-de-France;France;;;;;
;;;78000;Rosay;48.91667;1.67833;Ile-de-France;France;;;;;
;;;78000;Rosny sur Seine;48.99944;1.63;Ile-de-France;France;;;;;
;;;78000;Sailly;49.04;1.80222;Ile-de-France;France;;;;;
;;;78000;Saint Arnoult en Yvelines;48.5725;1.94056;Ile-de-France;France;;;;;
;;;78000;Saint Cyr l'ecole;48.80167;2.06278;Ile-de-France;France;;;;;
;;;78000;Saint Forget;48.70444;2.01194;Ile-de-France;France;;;;;
;;;78000;Saint Germain de la Grange;48.83528;1.89917;Ile-de-France;France;;;;;
;;;78000;Saint Germain en Laye;48.89528;2.08917;Ile-de-France;France;;;;;
;;;78000;Saint Hilarion;48.62083;1.73361;Ile-de-France;France;;;;;
;;;78000;Saint Illiers la Ville;48.97639;1.54028;Ile-de-France;France;;;;;
;;;78000;Saint Illiers le Bois;48.95944;1.50806;Ile-de-France;France;;;;;
;;;78000;Saint Lambert;48.73278;2.02083;Ile-de-France;France;;;;;
;;;78000;Saint Leger en Yvelines;48.72083;1.76694;Ile-de-France;France;;;;;
;;;78000;Saint Martin de Brethencourt;48.50917;1.93;Ile-de-France;France;;;;;
;;;78000;Saint Martin des Champs;48.88139;1.71889;Ile-de-France;France;;;;;
;;;78000;Saint Martin la Garenne;49.04083;1.69056;Ile-de-France;France;;;;;
;;;78000;Saint Nom la Breteche;48.8575;2.01861;Ile-de-France;France;;;;;
;;;78000;Saint Remy l'Honore;48.75694;1.88222;Ile-de-France;France;;;;;
;;;78000;Saint Remy les Chevreuse;48.70972;2.06861;Ile-de-France;France;;;;;
;;;78000;Sainte Mesme;48.53167;1.96222;Ile-de-France;France;;;;;
;;;78000;Sartrouville;48.93722;2.16444;Ile-de-France;France;;;;;
;;;78000;Saulx Marchais;48.84167;1.83556;Ile-de-France;France;;;;;
;;;78000;Senlisse;48.68917;1.98389;Ile-de-France;France;;;;;
;;;78000;Septeuil;48.89417;1.68167;Ile-de-France;France;;;;;
;;;78000;Soindres;48.9575;1.67444;Ile-de-France;France;;;;;
;;;78000;Sonchamp;48.57583;1.8775;Ile-de-France;France;;;;;
;;;78000;Coignieres;48.83472;1.67556;Ile-de-France;France;;;;;
;;;78000;Le Tartre Gaudran;48.69972;1.5975;Ile-de-France;France;;;;;
;;;78000;Le Tertre Saint Denis;48.93861;1.60722;Ile-de-France;France;;;;;
;;;78000;Tessancourt sur Aubette;49.02444;1.92139;Ile-de-France;France;;;;;
;;;78000;Thiverval Grignon;48.84945;1.91722;Ile-de-France;France;;;;;
;;;78000;Thoiry;48.86667;1.79861;Ile-de-France;France;;;;;
;;;78000;Tilly;48.88278;1.57778;Ile-de-France;France;;;;;
;;;78000;Toussus le Noble;48.74667;2.11306;Ile-de-France;France;;;;;
;;;78000;Trappes;48.77722;2.00861;Ile-de-France;France;;;;;
;;;78000;Le TrembLay sur Mauldre;48.77861;1.87806;Ile-de-France;France;;;;;
;;;78000;Triel sur Seine;48.97139;2.00944;Ile-de-France;France;;;;;
;;;78000;Vaux sur Seine;49.00694;1.96194;Ile-de-France;France;;;;;
;;;78000;Velizy Villacoublay;48.78806;2.17444;Ile-de-France;France;;;;;
;;;78000;Verneuil sur Seine;48.98111;1.97333;Ile-de-France;France;;;;;
;;;78000;Vernouillet;48.97389;1.98639;Ile-de-France;France;;;;;
;;;78000;La Verriere;48.75555;1.95611;Ile-de-France;France;;;;;
;;;78000;Versailles   ;48.80695;2.13667;Ile-de-France;France;;;;;
;;;78000;Vert;48.94111;1.69083;Ile-de-France;France;;;;;
;;;78000;Le Vesinet;48.88889;2.13167;Ile-de-France;France;;;;;
;;;78000;Vicq;48.81611;1.83611;Ile-de-France;France;;;;;
;;;78000;Vieille eglise en Yvelines;48.67;1.87528;Ile-de-France;France;;;;;
;;;78000;La Villeneuve en Chevrie;49.01444;1.52889;Ile-de-France;France;;;;;
;;;78000;Villennes sur Seine;48.93806;1.99528;Ile-de-France;France;;;;;
;;;78000;Villepreux;48.83444;2.01306;Ile-de-France;France;;;;;
;;;78000;Villette;48.9275;1.69417;Ile-de-France;France;;;;;
;;;78000;Villiers le Mahieu;48.86139;1.77361;Ile-de-France;France;;;;;
;;;78000;Villiers Saint Frederic;48.82056;1.89278;Ile-de-France;France;;;;;
;;;78000;Viroflay;48.80806;2.17222;Ile-de-France;France;;;;;
;;;78000;Voisins le Bretonneux;48.75917;2.05167;Ile-de-France;France;;;;;
;;;91000;Abbeville la Riviere;48.34667;2.16833;Ile-de-France;France;;;;;
;;;91000;Angerville;48.31222;1.99722;Ile-de-France;France;;;;;
;;;91000;Angervilliers;48.59278;2.06389;Ile-de-France;France;;;;;
;;;91000;Arpajon;48.59028;2.25028;Ile-de-France;France;;;;;
;;;91000;Arrancourt;48.34167;2.16167;Ile-de-France;France;;;;;
;;;91000;Athis Mons;48.7025;2.37222;Ile-de-France;France;;;;;
;;;91000;Authon la Plaine;48.45139;1.95806;Ile-de-France;France;;;;;
;;;91000;Auvernaux;48.53;2.49389;Ile-de-France;France;;;;;
;;;91000;Auvers Saint Georges;48.49194;2.21806;Ile-de-France;France;;;;;
;;;91000;Avrainville;48.5625;2.24889;Ile-de-France;France;;;;;
;;;91000;Ballainvilliers;48.67694;2.29278;Ile-de-France;France;;;;;
;;;91000;Ballancourt sur Essonne;48.525;2.385;Ile-de-France;France;;;;;
;;;91000;Baulne;48.49472;2.36083;Ile-de-France;France;;;;;
;;;91000;Bievres;48.75528;2.21639;Ile-de-France;France;;;;;
;;;91000;Blandy;48.31361;2.25722;Ile-de-France;France;;;;;
;;;91000;Boigneville;48.33556;2.37222;Ile-de-France;France;;;;;
;;;91000;Bois Herpin;48.36917;2.23472;Ile-de-France;France;;;;;
;;;91000;Boissy la Riviere;48.37556;2.15361;Ile-de-France;France;;;;;
;;;91000;Boissy le Cutte;48.47194;2.28333;Ile-de-France;France;;;;;
;;;91000;Boissy le Sec;48.47889;2.08944;Ile-de-France;France;;;;;
;;;91000;Boissy sous Saint Yon;48.55806;2.21;Ile-de-France;France;;;;;
;;;91000;Bondoufle;48.61583;2.38139;Ile-de-France;France;;;;;
;;;91000;Boullay les Troux;48.67861;2.05111;Ile-de-France;France;;;;;
;;;91000;Bouray sur Juine;48.52167;2.30056;Ile-de-France;France;;;;;
;;;91000;Boussy Saint Antoine;48.69056;2.53278;Ile-de-France;France;;;;;
;;;91000;Boutervilliers;48.45306;2.05694;Ile-de-France;France;;;;;
;;;91000;Boutigny sur Essonne;48.43694;2.37833;Ile-de-France;France;;;;;
;;;91000;Bouville;48.43278;2.285;Ile-de-France;France;;;;;
;;;91000;Boutigny sur Essonne;48.61056;2.30889;Ile-de-France;France;;;;;
;;;91000;Breuillet;48.56694;2.17056;Ile-de-France;France;;;;;
;;;91000;Breux Jouy;48.56139;2.17639;Ile-de-France;France;;;;;
;;;91000;Brieres les Scelles;48.45722;2.13944;Ile-de-France;France;;;;;
;;;91000;Briis sous Forges;48.62417;2.12389;Ile-de-France;France;;;;;
;;;91000;Brouy;48.31694;2.27889;Ile-de-France;France;;;;;
;;;91000;Brunoy;48.70555;2.51028;Ile-de-France;France;;;;;
;;;91000;Bruyeres le Chatel;48.59306;2.1875;Ile-de-France;France;;;;;
;;;91000;Buno Bonnevaux;48.36083;2.38833;Ile-de-France;France;;;;;
;;;91000;Bures sur Yvette;48.6975;2.16222;Ile-de-France;France;;;;;
;;;91000;Cerny;48.47472;2.3275;Ile-de-France;France;;;;;
;;;91000;Chalo Saint Mars;48.42611;2.06556;Ile-de-France;France;;;;;
;;;91000;Chalou Moulineux;48.38417;2.02333;Ile-de-France;France;;;;;
;;;91000;Chamarande;48.51417;2.21972;Ile-de-France;France;;;;;
;;;91000;Champcueil;48.51528;2.44778;Ile-de-France;France;;;;;
;;;91000;Champlan;48.70917;2.27056;Ile-de-France;France;;;;;
;;;91000;Champmotteux;48.34278;2.32111;Ile-de-France;France;;;;;
;;;91000;Chatignonville;48.46889;1.93278;Ile-de-France;France;;;;;
;;;91000;Chauffour les etrechy;48.50195;2.17028;Ile-de-France;France;;;;;
;;;91000;Cheptainville;48.55083;2.265;Ile-de-France;France;;;;;
;;;91000;Chevannes;48.53083;2.44278;Ile-de-France;France;;;;;
;;;91000;Chilly Mazarin;48.70278;2.31972;Ile-de-France;France;;;;;
;;;91000;Congerville Thionville;48.37833;1.99583;Ile-de-France;France;;;;;
;;;91000;CORBEIL ESSONNES;48.61056;2.47722;Ile-de-France;France;;;;;
;;;91000;Corbreuse;48.50195;1.96028;Ile-de-France;France;;;;;
;;;91000;Le Coudray Montceaux;48.56139;2.50694;Ile-de-France;France;;;;;
;;;91000;Courances;48.44083;2.47583;Ile-de-France;France;;;;;
;;;91000;Courdimanche sur Essonne;48.41833;2.37889;Ile-de-France;France;;;;;
;;;91000;Courson Monteloup;48.60056;2.14972;Ile-de-France;France;;;;;
;;;91000;Crosne;48.71778;2.46333;Ile-de-France;France;;;;;
;;;91000;D'Huison Longueville;48.46278;2.32;Ile-de-France;France;;;;;
;;;91000;Dannemois;48.4525;2.47611;Ile-de-France;France;;;;;
;;;91000;Dourdan;48.52833;2.0125;Ile-de-France;France;;;;;
;;;91000;Draveil;48.68639;2.41139;Ile-de-France;France;;;;;
;;;91000;Echarcon;48.57333;2.40639;Ile-de-France;France;;;;;
;;;91000;Egly;48.58028;2.22472;Ile-de-France;France;;;;;
;;;91000;Epinay sous Senart;48.69444;2.51694;Ile-de-France;France;;;;;
;;;91000;Epinay sur Orge;48.67472;2.32639;Ile-de-France;France;;;;;
;;;91000;Etampes;48.43222;2.16083;Ile-de-France;France;;;;;
;;;91000;Etiolles;48.63722;2.47333;Ile-de-France;France;;;;;
;;;91000;Etrechy;48.49306;2.19056;Ile-de-France;France;;;;;
;;;91000;Evry Courcouronnes    ;48.63583;2.4425;Ile-de-France;France;;;;;
;;;91000;La Ferte Alais;48.48667;2.35056;Ile-de-France;France;;;;;
;;;91000;Fleury Merogis;48.62889;2.36167;Ile-de-France;France;;;;;
;;;91000;Fontaine la Riviere;48.35722;2.15389;Ile-de-France;France;;;;;
;;;91000;Fontenay le Vicomte;48.54722;2.40083;Ile-de-France;France;;;;;
;;;91000;Fontenay les Briis;48.61945;2.15861;Ile-de-France;France;;;;;
;;;91000;La Foret Le Roi;48.47889;2.04361;Ile-de-France;France;;;;;
;;;91000;La Foret Sainte Croix;48.38278;2.23;Ile-de-France;France;;;;;
;;;91000;Forges les Bains;48.62806;2.10028;Ile-de-France;France;;;;;
;;;91000;Gif sur Yvette;48.70361;2.12889;Ile-de-France;France;;;;;
;;;91000;Gironville sur Essonne;48.37083;2.38;Ile-de-France;France;;;;;
;;;91000;Gometz la Ville;48.67222;2.12556;Ile-de-France;France;;;;;
;;;91000;Gometz le Chatel;48.67889;2.14028;Ile-de-France;France;;;;;
;;;91000;Les Granges Le Roi;48.50361;2.02111;Ile-de-France;France;;;;;
;;;91000;Grigny;48.65722;2.38861;Ile-de-France;France;;;;;
;;;91000;Guibeville;48.57139;2.27056;Ile-de-France;France;;;;;
;;;91000;Guigneville sur Essonne;48.47361;2.35667;Ile-de-France;France;;;;;
;;;91000;Guillerval;48.36417;2.1;Ile-de-France;France;;;;;
;;;91000;Igny;48.73;2.22472;Ile-de-France;France;;;;;
;;;91000;Itteville;48.51556;2.34167;Ile-de-France;France;;;;;
;;;91000;Janville sur Juine;48.51444;2.26333;Ile-de-France;France;;;;;
;;;91000;Janvry;48.64806;2.15417;Ile-de-France;France;;;;;
;;;91000;Juvisy sur Orge;48.6925;2.37722;Ile-de-France;France;;;;;
;;;91000;Lardy;48.52194;2.26611;Ile-de-France;France;;;;;
;;;91000;Le Merevillois;48.31556;2.08806;Ile-de-France;France;;;;;
;;;91000;Leudeville;48.56639;2.32722;Ile-de-France;France;;;;;
;;;91000;Leuville sur Orge;48.61555;2.26333;Ile-de-France;France;;;;;
;;;91000;Limours;48.64528;2.07667;Ile-de-France;France;;;;;
;;;91000;Linas;48.63139;2.27139;Ile-de-France;France;;;;;
;;;91000;Lisses;48.59833;2.425;Ile-de-France;France;;;;;
;;;91000;Longjumeau;48.6975;2.29694;Ile-de-France;France;;;;;
;;;91000;Longpont sur Orge;48.64305;2.29222;Ile-de-France;France;;;;;
;;;91000;Maisse;48.39667;2.37667;Ile-de-France;France;;;;;
;;;91000;Marcoussis;48.64333;2.23111;Ile-de-France;France;;;;;
;;;91000;Marolles en Beauce;48.37472;2.20139;Ile-de-France;France;;;;;
;;;91000;Marolles en Hurepoix;48.56194;2.30361;Ile-de-France;France;;;;;
;;;91000;Massy;48.7325;2.27667;Ile-de-France;France;;;;;
;;;91000;Mauchamps;48.53056;2.19611;Ile-de-France;France;;;;;
;;;91000;Mennecy;48.5675;2.43417;Ile-de-France;France;;;;;
;;;91000;Merobert;48.41556;2.00583;Ile-de-France;France;;;;;
;;;91000;Mespuits;48.3575;2.27139;Ile-de-France;France;;;;;
;;;91000;Milly la Foret;48.4025;2.46556;Ile-de-France;France;;;;;
;;;91000;Moigny sur ecole;48.43361;2.45806;Ile-de-France;France;;;;;
;;;91000;Les Molieres;48.67333;2.06972;Ile-de-France;France;;;;;
;;;91000;Mondeville;48.49167;2.41583;Ile-de-France;France;;;;;
;;;91000;Monnerville;48.34639;2.04389;Ile-de-France;France;;;;;
;;;91000;Montgeron;48.705;2.45889;Ile-de-France;France;;;;;
;;;91000;Montlhery;48.64139;2.27222;Ile-de-France;France;;;;;
;;;91000;Morangis;48.69889;2.33;Ile-de-France;France;;;;;
;;;91000;Morigny Champigny;48.44695;2.18472;Ile-de-France;France;;;;;
;;;91000;Morsang sur Orge;48.65222;2.355;Ile-de-France;France;;;;;
;;;91000;Morsang sur Seine;48.57139;2.49361;Ile-de-France;France;;;;;
;;;91000;Nainville les Roches;48.50611;2.49556;Ile-de-France;France;;;;;
;;;91000;La Norville;48.58194;2.26167;Ile-de-France;France;;;;;
;;;91000;Nozay;48.66;2.24194;Ile-de-France;France;;;;;
;;;91000;Ollainville;48.58972;2.22083;Ile-de-France;France;;;;;
;;;91000;Oncy sur ecole;48.38111;2.47528;Ile-de-France;France;;;;;
;;;91000;Ormoy;48.57667;2.44778;Ile-de-France;France;;;;;
;;;91000;Ormoy la Riviere;48.40306;2.15028;Ile-de-France;France;;;;;
;;;91000;Orsay;48.69806;2.18583;Ile-de-France;France;;;;;
;;;91000;Orveau;48.44861;2.29278;Ile-de-France;France;;;;;
;;;91000;Palaiseau;48.71222;2.23889;Ile-de-France;France;;;;;
;;;91000;Paray Vieille Poste;48.70972;2.365;Ile-de-France;France;;;;;
;;;91000;Pecqueuse;48.64694;2.04778;Ile-de-France;France;;;;;
;;;91000;Le Plessis Pate;48.61278;2.32806;Ile-de-France;France;;;;;
;;;91000;Plessis Saint Benoist;48.44417;2.00528;Ile-de-France;France;;;;;
;;;91000;Prunay sur Essonne;48.3575;2.37306;Ile-de-France;France;;;;;
;;;91000;Puiselet le Marais;48.40556;2.26361;Ile-de-France;France;;;;;
;;;91000;Pussay;48.35056;1.99444;Ile-de-France;France;;;;;
;;;91000;Quincy sous Senart;48.67167;2.53306;Ile-de-France;France;;;;;
;;;91000;Richarville;48.47139;2.00111;Ile-de-France;France;;;;;
;;;91000;Ris Orangis;48.655;2.41361;Ile-de-France;France;;;;;
;;;91000;Roinville;48.53111;2.04639;Ile-de-France;France;;;;;
;;;91000;Roinvilliers;48.35639;2.24167;Ile-de-France;France;;;;;
;;;91000;Saclas;48.36028;2.12694;Ile-de-France;France;;;;;
;;;91000;Saclay;48.73111;2.175;Ile-de-France;France;;;;;
;;;91000;Saint Aubin;48.715;2.14139;Ile-de-France;France;;;;;
;;;91000;Saint Cheron;48.55361;2.12389;Ile-de-France;France;;;;;
;;;91000;Saint Cyr la Riviere;48.35556;2.14778;Ile-de-France;France;;;;;
;;;91000;Saint Cyr sous Dourdan;48.57028;2.03444;Ile-de-France;France;;;;;
;;;91000;Saint Escobille;48.43083;1.96861;Ile-de-France;France;;;;;
;;;91000;Saint Germain les Arpajon;48.59778;2.26889;Ile-de-France;France;;;;;
;;;91000;Saint Germain les Corbeil;48.62167;2.48833;Ile-de-France;France;;;;;
;;;91000;Saint Hilaire;48.435;2.07972;Ile-de-France;France;;;;;
;;;91000;Saint Jean de Beauregard;48.66417;2.16861;Ile-de-France;France;;;;;
;;;91000;Saint Maurice Montcouronne;48.58111;2.12389;Ile-de-France;France;;;;;
;;;91000;Saint Michel sur Orge;48.64194;2.31194;Ile-de-France;France;;;;;
;;;91000;Saint Pierre du Perray;48.61333;2.50472;Ile-de-France;France;;;;;
;;;91000;Saint Sulpice de Favieres;48.54167;2.17917;Ile-de-France;France;;;;;
;;;91000;Saint Vrain;48.5425;2.335;Ile-de-France;France;;;;;
;;;91000;Saint Yon;48.55889;2.19111;Ile-de-France;France;;;;;
;;;91000;Sainte Genevieve des Bois;48.64944;2.325;Ile-de-France;France;;;;;
;;;91000;Saintry sur Seine;48.60028;2.49389;Ile-de-France;France;;;;;
;;;91000;Saulx les Chartreux;48.6925;2.2675;Ile-de-France;France;;;;;
;;;91000;Savigny sur Orge;48.68972;2.35306;Ile-de-France;France;;;;;
;;;91000;Sermaise;48.53639;2.08194;Ile-de-France;France;;;;;
;;;91000;Soisy sur ecole;48.47639;2.49583;Ile-de-France;France;;;;;
;;;91000;Soisy sur Seine;48.64583;2.45111;Ile-de-France;France;;;;;
;;;91000;Souzy la Briche;48.52861;2.15111;Ile-de-France;France;;;;;
;;;91000;Tigery;48.63944;2.50806;Ile-de-France;France;;;;;
;;;91000;Torfou;48.53111;2.22694;Ile-de-France;France;;;;;
;;;91000;Les Ulis;48.68278;2.16528;Ile-de-France;France;;;;;
;;;91000;Le Val Saint Germain;48.56528;2.06167;Ile-de-France;France;;;;;
;;;91000;Valpuiseaux;48.39417;2.30472;Ile-de-France;France;;;;;
;;;91000;Varennes Jarcy;48.67889;2.56111;Ile-de-France;France;;;;;
;;;91000;Vaugrigneuse;48.60278;2.12083;Ile-de-France;France;;;;;
;;;91000;Vauhallan;48.73472;2.20583;Ile-de-France;France;;;;;
;;;91000;Vayres sur Essonne;48.43861;2.35389;Ile-de-France;France;;;;;
;;;91000;Verrieres le Buisson;48.74278;2.26889;Ile-de-France;France;;;;;
;;;91000;Vert le Grand;48.57278;2.36139;Ile-de-France;France;;;;;
;;;91000;Vert le Petit;48.55139;2.36667;Ile-de-France;France;;;;;
;;;91000;Videlles;48.46472;2.43139;Ile-de-France;France;;;;;
;;;91000;Vigneux sur Seine;48.69917;2.43694;Ile-de-France;France;;;;;
;;;91000;Villabe;48.58889;2.45583;Ile-de-France;France;;;;;
;;;91000;La Ville du Bois;48.66111;2.26833;Ile-de-France;France;;;;;
;;;91000;Villebon sur Yvette;48.69806;2.22694;Ile-de-France;France;;;;;
;;;91000;Villeconin;48.51472;2.12639;Ile-de-France;France;;;;;
;;;91000;Villejust;48.68333;2.23639;Ile-de-France;France;;;;;
;;;91000;Villemoisson sur Orge;48.6575;2.33361;Ile-de-France;France;;;;;
;;;91000;Villeneuve sur Auvers;48.47472;2.24889;Ile-de-France;France;;;;;
;;;91000;Villiers le Bacle;48.72556;2.12694;Ile-de-France;France;;;;;
;;;91000;Villiers sur Orge;48.66083;2.305;Ile-de-France;France;;;;;
;;;91000;Viry Chatillon;48.67778;2.37583;Ile-de-France;France;;;;;
;;;91000;Wissous;48.73667;2.3275;Ile-de-France;France;;;;;
;;;91000;Yerres;48.71861;2.50611;Ile-de-France;France;;;;;
;;;92000;Antony;48.75306;2.29833;Ile-de-France;France;;;;;
;;;92000;Asnieres sur Seine;48.9125;2.28139;Ile-de-France;France;;;;;
;;;92000;Bagneux;48.79639;2.31056;Ile-de-France;France;;;;;
;;;92000;Bois Colombes;48.92028;2.27111;Ile-de-France;France;;;;;
;;;92000;Boulogne Billancourt;48.83972;2.24222;Ile-de-France;France;;;;;
;;;92000;Bourg la Reine;48.78028;2.31694;Ile-de-France;France;;;;;
;;;92000;Chatenay Malabry;48.76805;2.28111;Ile-de-France;France;;;;;
;;;92000;Chatillon;48.80472;2.28667;Ile-de-France;France;;;;;
;;;92000;Chaville;48.80361;2.18583;Ile-de-France;France;;;;;
;;;92000;Clamart;48.80028;2.26417;Ile-de-France;France;;;;;
;;;92000;Clichy;48.90528;2.30889;Ile-de-France;France;;;;;
;;;92000;Colombes;48.9225;2.25222;Ile-de-France;France;;;;;
;;;92000;Courbevoie;48.9;2.24361;Ile-de-France;France;;;;;
;;;92000;Fontenay aux Roses;48.79;2.29194;Ile-de-France;France;;;;;
;;;92000;Garches;48.84528;2.18528;Ile-de-France;France;;;;;
;;;92000;La Garenne Colombes;48.90889;2.2525;Ile-de-France;France;;;;;
;;;92000;Gennevilliers;48.92861;2.30028;Ile-de-France;France;;;;;
;;;92000;Issy les Moulineaux;48.82444;2.27167;Ile-de-France;France;;;;;
;;;92000;Levallois Perret;48.89639;2.29028;Ile-de-France;France;;;;;
;;;92000;Malakoff;48.81694;2.29444;Ile-de-France;France;;;;;
;;;92000;Marnes la Coquette;48.83055;2.17917;Ile-de-France;France;;;;;
;;;92000;Meudon;48.81222;2.23333;Ile-de-France;France;;;;;
;;;92000;Montrouge;48.81611;2.32083;Ile-de-France;France;;;;;
;;;92000;Nanterre   ;48.89056;2.20889;Ile-de-France;France;;;;;
;;;92000;Neuilly sur Seine;48.88861;2.27083;Ile-de-France;France;;;;;
;;;92000;Le PLessis Robinson;48.78305;2.2625;Ile-de-France;France;;;;;
;;;92000;Puteaux;48.88528;2.23917;Ile-de-France;France;;;;;
;;;92000;Rueil Malmaison;48.87167;2.19278;Ile-de-France;France;;;;;
;;;92000;Saint Cloud;48.84833;2.21111;Ile-de-France;France;;;;;
;;;92000;Sceaux;48.77806;2.2975;Ile-de-France;France;;;;;
;;;92000;Sevres;48.82361;2.21444;Ile-de-France;France;;;;;
;;;92000;Suresnes;48.87056;2.22472;Ile-de-France;France;;;;;
;;;92000;Vanves;48.82417;2.28917;Ile-de-France;France;;;;;
;;;92000;Vaucresson;48.84333;2.15472;Ile-de-France;France;;;;;
;;;92000;Ville d'Avray;48.82806;2.19083;Ile-de-France;France;;;;;
;;;92000;Villeneuve la Garenne;48.93472;2.32861;Ile-de-France;France;;;;;
;;;93000;Aubervilliers;48.91306;2.38306;Ile-de-France;France;;;;;
;;;93000;AULNAY SOUS BOIS;48.93861;2.49056;Ile-de-France;France;;;;;
;;;93000;Bagnolet;48.86917;2.41806;Ile-de-France;France;;;;;
;;;93000;Le Blanc Mesnil;48.93417;2.4675;Ile-de-France;France;;;;;
;;;93000;Bobigny   ;48.90778;2.44194;Ile-de-France;France;;;;;
;;;93000;Bondy;48.90361;2.47472;Ile-de-France;France;;;;;
;;;93000;Le Bourget;48.93583;2.43083;Ile-de-France;France;;;;;
;;;93000;Clichy sous Bois;48.90667;2.54111;Ile-de-France;France;;;;;
;;;93000;Coubron;48.91556;2.57722;Ile-de-France;France;;;;;
;;;93000;La Courneuve;48.92778;2.40667;Ile-de-France;France;;;;;
;;;93000;Drancy;48.92361;2.44972;Ile-de-France;France;;;;;
;;;93000;Dugny;48.95444;2.415;Ile-de-France;France;;;;;
;;;93000;Epinay sur Seine;48.95861;2.30361;Ile-de-France;France;;;;;
;;;93000;Gagny;48.88445;2.53444;Ile-de-France;France;;;;;
;;;93000;Gournay sur Marne;48.85972;2.57528;Ile-de-France;France;;;;;
;;;93000;l'Ile Saint Denis;48.93833;2.33806;Ile-de-France;France;;;;;
;;;93000;les Lilas;48.88083;2.42333;Ile-de-France;France;;;;;
;;;93000;Livry Gargan;48.92028;2.52083;Ile-de-France;France;;;;;
;;;93000;Montfermeil;48.89472;2.55583;Ile-de-France;France;;;;;
;;;93000;Montreuil;48.865;2.44667;Ile-de-France;France;;;;;
;;;93000;Neuilly Plaisance;48.86278;2.50167;Ile-de-France;France;;;;;
;;;93000;Neuilly sur Marne;48.85944;2.53333;Ile-de-France;France;;;;;
;;;93000;Noisy le Grand;48.85;2.5525;Ile-de-France;France;;;;;
;;;93000;Noisy le Sec;48.89278;2.4625;Ile-de-France;France;;;;;
;;;93000;Pantin;48.89222;2.41222;Ile-de-France;France;;;;;
;;;93000;Les Pavillons sous Bois;48.90361;2.49944;Ile-de-France;France;;;;;
;;;93000;Le Pre Saint Gervais;48.88528;2.40361;Ile-de-France;France;;;;;
;;;93000;Le Raincy;48.89722;2.51917;Ile-de-France;France;;;;;
;;;93000;Romainville;48.88083;2.44028;Ile-de-France;France;;;;;
;;;93000;Paris  ;48.87556;2.48194;Ile-de-France;France;;;;;
;;;93000;Saint Denis;48.93056;2.35556;Ile-de-France;France;;;;;
;;;93000;Saint Ouen;48.90917;2.33722;Ile-de-France;France;;;;;
;;;93000;Sevran;48.94056;2.52389;Ile-de-France;France;;;;;
;;;93000;Stains;48.95306;2.37611;Ile-de-France;France;;;;;
;;;93000;Tremblay en France;48.98333;2.55667;Ile-de-France;France;;;;;
;;;93000;Vaujours;48.93195;2.56889;Ile-de-France;France;;;;;
;;;93000;Villemomble;48.88889;2.50444;Ile-de-France;France;;;;;
;;;93000;Villepinte;48.95889;2.54222;Ile-de-France;France;;;;;
;;;93000;Villetaneuse;48.95694;2.34667;Ile-de-France;France;;;;;
;;;94000;Ablon sur Seine;48.72778;2.41694;Ile-de-France;France;;;;;
;;;94000;Alfortville;48.80528;2.41778;Ile-de-France;France;;;;;
;;;94000;Arcueil;48.80333;2.33083;Ile-de-France;France;;;;;
;;;94000;Boissy Saint Leger;48.74972;2.51611;Ile-de-France;France;;;;;
;;;94000;Bonneuil sur Marne;48.77555;2.48528;Ile-de-France;France;;;;;
;;;94000;Bry sur Marne;48.84361;2.51722;Ile-de-France;France;;;;;
;;;94000;Cachan;48.795;2.32861;Ile-de-France;France;;;;;
;;;94000;Champigny sur Marne;48.81861;2.5075;Ile-de-France;France;;;;;
;;;94000;Charenton le Pont;48.82361;2.40556;Ile-de-France;France;;;;;
;;;94000;CHENNEVIERES SUR MARNE;48.7965001;2.530442;Ile-de-France;France;;;;;
;;;94000;Chevilly Larue;48.77306;2.35278;Ile-de-France;France;;;;;
;;;94000;Choisy le Roi;48.76444;2.40861;Ile-de-France;France;;;;;
;;;94000;Creteil   ;48.79333;2.46083;Ile-de-France;France;;;;;
;;;94000;Fontenay sous Bois;48.84889;2.46972;Ile-de-France;France;;;;;
;;;94000;Fresnes;48.75694;2.32167;Ile-de-France;France;;;;;
;;;94000;Gentilly;48.815;2.33833;Ile-de-France;France;;;;;
;;;94000;L'Hay Les Roses;48.77694;2.33778;Ile-de-France;France;;;;;
;;;94000;Ivry sur Seine;48.81611;2.38611;Ile-de-France;France;;;;;
;;;94000;Joinville le Pont;48.82333;2.475;Ile-de-France;France;;;;;
;;;94000;Le Kremlin Bicetre;48.81083;2.35667;Ile-de-France;France;;;;;
;;;94000;Limeil Brevannes;48.74694;2.47917;Ile-de-France;France;;;;;
;;;94000;Maisons Alfort;48.80667;2.4375;Ile-de-France;France;;;;;
;;;94000;Mandres les Roses;48.70111;2.54306;Ile-de-France;France;;;;;
;;;94000;Marolles en Brie;48.73333;2.55222;Ile-de-France;France;;;;;
;;;94000;Nogent sur Marne;48.83833;2.48333;Ile-de-France;France;;;;;
;;;94000;Noiseau;48.77667;2.55111;Ile-de-France;France;;;;;
;;;94000;Orly;48.74667;2.40389;Ile-de-France;France;;;;;
;;;94000;Paris  ;48.78944;2.53889;Ile-de-France;France;;;;;
;;;94000;Perigny;48.69556;2.55056;Ile-de-France;France;;;;;
;;;94000;Le Perreux sur Marne;48.84111;2.50528;Ile-de-France;France;;;;;
;;;94000;Le Plessis Trevise;48.8125;2.56694;Ile-de-France;France;;;;;
;;;94000;LA QUEUE EN BRIE;48.78639;2.57889;Ile-de-France;France;;;;;
;;;94000;Rungis;48.7475;2.35056;Ile-de-France;France;;;;;
;;;94000;Saint Mande;48.84528;2.41472;Ile-de-France;France;;;;;
;;;94000;Saint Maur des Fosses;48.79944;2.505;Ile-de-France;France;;;;;
;;;94000;Saint Maurice;48.82222;2.42222;Ile-de-France;France;;;;;
;;;94000;Santeny;48.72556;2.57333;Ile-de-France;France;;;;;
;;;94000;Sucy en Brie;48.76778;2.51833;Ile-de-France;France;;;;;
;;;94000;Thiais;48.76278;2.39;Ile-de-France;France;;;;;
;;;94000;Valenton;48.74694;2.46583;Ile-de-France;France;;;;;
;;;94000;Villecresnes;48.72278;2.53806;Ile-de-France;France;;;;;
;;;94000;Villejuif;48.79;2.36;Ile-de-France;France;;;;;
;;;94000;Villeneuve le Roi;48.73583;2.42861;Ile-de-France;France;;;;;
;;;94000;Villeneuve Saint Georges;48.735;2.45389;Ile-de-France;France;;;;;
;;;94000;Villiers sur Marne;48.82972;2.54361;Ile-de-France;France;;;;;
;;;94000;Vincennes;48.84945;2.44;Ile-de-France;France;;;;;
;;;94000;Vitry sur Seine;48.79445;2.38889;Ile-de-France;France;;;;;
;;;95000;Ableiges;49.08861;1.98222;Ile-de-France;France;;;;;
;;;95000;Aincourt;49.0725;1.77361;Ile-de-France;France;;;;;
;;;95000;Ambleville;49.15;1.69944;Ile-de-France;France;;;;;
;;;95000;Amenucourt;49.10639;1.64083;Ile-de-France;France;;;;;
;;;95000;Andilly;49.00333;2.29972;Ile-de-France;France;;;;;
;;;95000;Argenteuil;48.95972;2.23972;Ile-de-France;France;;;;;
;;;95000;Arnouville les Gonesse;48.9925;2.41694;Ile-de-France;France;;;;;
;;;95000;Arronville;49.17972;2.115;Ile-de-France;France;;;;;
;;;95000;Arthies;49.09555;1.79167;Ile-de-France;France;;;;;
;;;95000;Asnieres sur Oise;49.13139;2.35667;Ile-de-France;France;;;;;
;;;95000;Attainville;49.05611;2.34694;Ile-de-France;France;;;;;
;;;95000;Auvers sur Oise;49.07083;2.16972;Ile-de-France;France;;;;;
;;;95000;Avernes;49.085;1.87389;Ile-de-France;France;;;;;
;;;95000;Baillet en France;49.06083;2.29972;Ile-de-France;France;;;;;
;;;95000;Banthelu;49.12583;1.81556;Ile-de-France;France;;;;;
;;;95000;Beauchamp;49.01444;2.19667;Ile-de-France;France;;;;;
;;;95000;Beaumont sur Oise;49.14167;2.29056;Ile-de-France;France;;;;;
;;;95000;Le Bellay en Vexin;49.15167;1.8875;Ile-de-France;France;;;;;
;;;95000;Bellefontaine;49.09722;2.46667;Ile-de-France;France;;;;;
;;;95000;Belloy en France;49.08805;2.37083;Ile-de-France;France;;;;;
;;;95000;Bernes sur Oise;49.15861;2.30194;Ile-de-France;France;;;;;
;;;95000;Berville;49.18972;2.07167;Ile-de-France;France;;;;;
;;;95000;Bessancourt;49.03695;2.21667;Ile-de-France;France;;;;;
;;;95000;Bethemont la Foret;49.0525;2.25222;Ile-de-France;France;;;;;
;;;95000;Bezons;48.93083;2.20833;Ile-de-France;France;;;;;
;;;95000;Boisemont;49.02389;2.0075;Ile-de-France;France;;;;;
;;;95000;Boissy l'Aillerie;49.07722;2.03167;Ile-de-France;France;;;;;
;;;95000;Bonneuil en France;48.97556;2.43222;Ile-de-France;France;;;;;
;;;95000;Bouffemont;49.04222;2.2975;Ile-de-France;France;;;;;
;;;95000;Bouqueval;49.02306;2.42556;Ile-de-France;France;;;;;
;;;95000;Bray et Lu;49.13889;1.66278;Ile-de-France;France;;;;;
;;;95000;Breancon;49.14194;2.02278;Ile-de-France;France;;;;;
;;;95000;Brignancourt;49.13694;1.94472;Ile-de-France;France;;;;;
;;;95000;Bruyeres sur Oise;49.15694;2.33111;Ile-de-France;France;;;;;
;;;95000;Buhy;49.19472;1.6925;Ile-de-France;France;;;;;
;;;95000;Butry sur Oise;49.08444;2.19722;Ile-de-France;France;;;;;
;;;95000;Cergy;49.03389;2.06306;Ile-de-France;France;;;;;
;;;95000;Champagne sur Oise;49.13306;2.23167;Ile-de-France;France;;;;;
;;;95000;La Chapelle en Vexin;49.18528;1.73278;Ile-de-France;France;;;;;
;;;95000;Charmont;49.13528;1.79111;Ile-de-France;France;;;;;
;;;95000;Chars;49.15944;1.94083;Ile-de-France;France;;;;;
;;;95000;Chatenay en France;49.06556;2.45778;Ile-de-France;France;;;;;
;;;95000;Chaumontel;49.12278;2.4325;Ile-de-France;France;;;;;
;;;95000;Chaussy;49.12111;1.6925;Ile-de-France;France;;;;;
;;;95000;Chauvry;49.05333;2.26667;Ile-de-France;France;;;;;
;;;95000;Chennevieres les Louvres;49.04445;2.55194;Ile-de-France;France;;;;;
;;;95000;Cherence;49.08889;1.67694;Ile-de-France;France;;;;;
;;;95000;Clery en Vexin;49.1275;1.84111;Ile-de-France;France;;;;;
;;;95000;Commeny;49.12667;1.89194;Ile-de-France;France;;;;;
;;;95000;Condecourt;49.04028;1.94333;Ile-de-France;France;;;;;
;;;95000;Cormeilles en Parisis;48.97361;2.19861;Ile-de-France;France;;;;;
;;;95000;Cormeilles en Vexin;49.11528;2.02028;Ile-de-France;France;;;;;
;;;95000;Courcelles sur Viosne;49.075;2.00472;Ile-de-France;France;;;;;
;;;95000;Courdimanche;49.03472;2.00139;Ile-de-France;France;;;;;
;;;95000;Deuil la Barre;48.97611;2.3275;Ile-de-France;France;;;;;
;;;95000;Domont;49.03222;2.33444;Ile-de-France;France;;;;;
;;;95000;Eaubonne;48.98917;2.27889;Ile-de-France;France;;;;;
;;;95000;Ecouen;49.01833;2.38222;Ile-de-France;France;;;;;
;;;95000;Enghien les Bains;48.96833;2.31;Ile-de-France;France;;;;;
;;;95000;Ennery;49.07528;2.10528;Ile-de-France;France;;;;;
;;;95000;Epiais les Louvres;49.03056;2.55778;Ile-de-France;France;;;;;
;;;95000;epiais Rhus;49.12167;2.06444;Ile-de-France;France;;;;;
;;;95000;Epinay Champlatreux;49.08472;2.41528;Ile-de-France;France;;;;;
;;;95000;Eragny;49.02361;2.09111;Ile-de-France;France;;;;;
;;;95000;Ermont;48.98583;2.2575;Ile-de-France;France;;;;;
;;;95000;Ezanville;49.02917;2.36306;Ile-de-France;France;;;;;
;;;95000;Fontenay en Parisis;49.05389;2.45028;Ile-de-France;France;;;;;
;;;95000;Fosses;49.09528;2.48778;Ile-de-France;France;;;;;
;;;95000;Franconville;48.99222;2.22778;Ile-de-France;France;;;;;
;;;95000;Fremainville;49.06556;1.86861;Ile-de-France;France;;;;;
;;;95000;Fremecourt;49.11889;2.00139;Ile-de-France;France;;;;;
;;;95000;Frepillon;49.04972;2.2075;Ile-de-France;France;;;;;
;;;95000;La Frette sur Seine;48.97417;2.18111;Ile-de-France;France;;;;;
;;;95000;Frouville;49.14694;2.15056;Ile-de-France;France;;;;;
;;;95000;Garges les Gonesse;48.97333;2.39083;Ile-de-France;France;;;;;
;;;95000;Genainville;49.12444;1.7525;Ile-de-France;France;;;;;
;;;95000;Genicourt;49.08833;2.06889;Ile-de-France;France;;;;;
;;;95000;Gonesse;48.98472;2.44917;Ile-de-France;France;;;;;
;;;95000;Goussainville;49.03167;2.46972;Ile-de-France;France;;;;;
;;;95000;Grisy les Platres;49.13028;2.05222;Ile-de-France;France;;;;;
;;;95000;Groslay;48.98889;2.35278;Ile-de-France;France;;;;;
;;;95000;Guiry en Vexin;49.10806;1.85111;Ile-de-France;France;;;;;
;;;95000;Haravilliers;49.17278;2.05583;Ile-de-France;France;;;;;
;;;95000;Haute Isle;49.08444;1.66056;Ile-de-France;France;;;;;
;;;95000;Le Heaulme;49.165;2.00083;Ile-de-France;France;;;;;
;;;95000;Hedouville;49.15139;2.16972;Ile-de-France;France;;;;;
;;;95000;HERBLAY;48.99389;2.16028;Ile-de-France;France;;;;;
;;;95000;Herouville;49.10056;2.13306;Ile-de-France;France;;;;;
;;;95000;Hodent;49.14472;1.77;Ile-de-France;France;;;;;
;;;95000;L'Isle Adam;49.10944;2.22167;Ile-de-France;France;;;;;
;;;95000;Jagny sous Bois;49.0775;2.44306;Ile-de-France;France;;;;;
;;;95000;Jouy le Moutier;49.01639;2.04639;Ile-de-France;France;;;;;
;;;95000;Labbeville;49.13445;2.14528;Ile-de-France;France;;;;;
;;;95000;Lassy;49.09583;2.44667;Ile-de-France;France;;;;;
;;;95000;Livilliers;49.095;2.09667;Ile-de-France;France;;;;;
;;;95000;Longuesse;49.06111;1.93333;Ile-de-France;France;;;;;
;;;95000;Louvres;49.03889;2.50472;Ile-de-France;France;;;;;
;;;95000;Luzarches;49.11139;2.4225;Ile-de-France;France;;;;;
;;;95000;Maffliers;49.07722;2.30972;Ile-de-France;France;;;;;
;;;95000;Magny en Vexin;49.16111;1.80667;Ile-de-France;France;;;;;
;;;95000;Mareil en France;49.06861;2.42667;Ile-de-France;France;;;;;
;;;95000;Margency;49.00139;2.29111;Ile-de-France;France;;;;;
;;;95000;Marines;49.14444;1.98222;Ile-de-France;France;;;;;
;;;95000;Marly la Ville;49.07722;2.49889;Ile-de-France;France;;;;;
;;;95000;Maudetour en Vexin;49.09972;1.77583;Ile-de-France;France;;;;;
;;;95000;Menouville;49.14972;2.11056;Ile-de-France;France;;;;;
;;;95000;Menucourt;49.02333;1.98722;Ile-de-France;France;;;;;
;;;95000;Meriel;49.07778;2.205;Ile-de-France;France;;;;;
;;;95000;Mery sur Oise;49.06167;2.18694;Ile-de-France;France;;;;;
;;;95000;Le Mesnil Aubry;49.04972;2.39528;Ile-de-France;France;;;;;
;;;95000;Moisselles;49.04889;2.33639;Ile-de-France;France;;;;;
;;;95000;Montgeroult;49.08278;2.00472;Ile-de-France;France;;;;;
;;;95000;Montigny les Cormeilles;48.99861;2.20056;Ile-de-France;France;;;;;
;;;95000;Montlignon;49.00889;2.28472;Ile-de-France;France;;;;;
;;;95000;Montmagny;48.97361;2.34306;Ile-de-France;France;;;;;
;;;95000;Montmorency;48.98833;2.32167;Ile-de-France;France;;;;;
;;;95000;Montreuil sur Epte;49.17778;1.67944;Ile-de-France;France;;;;;
;;;95000;Montsoult;49.06917;2.31139;Ile-de-France;France;;;;;
;;;95000;Mours;49.13194;2.27083;Ile-de-France;France;;;;;
;;;95000;Moussy;49.13694;1.91056;Ile-de-France;France;;;;;
;;;95000;Nerville la Foret;49.08861;2.27778;Ile-de-France;France;;;;;
;;;95000;Nesles la Vallee;49.12806;2.17139;Ile-de-France;France;;;;;
;;;95000;Neuilly en Vexin;49.1675;1.97722;Ile-de-France;France;;;;;
;;;95000;Neuville sur Oise;49.01333;2.06306;Ile-de-France;France;;;;;
;;;95000;Nointel;49.12778;2.2925;Ile-de-France;France;;;;;
;;;95000;Noisy sur Oise;49.135;2.33167;Ile-de-France;France;;;;;
;;;95000;Nucourt;49.15889;1.85444;Ile-de-France;France;;;;;
;;;95000;Omerville;49.14111;1.72;Ile-de-France;France;;;;;
;;;95000;Osny;49.05917;2.05611;Ile-de-France;France;;;;;
;;;95000;Parmain;49.11389;2.20639;Ile-de-France;France;;;;;
;;;95000;Le Perchay;49.10972;1.93556;Ile-de-France;France;;;;;
;;;95000;Persan;49.15055;2.27389;Ile-de-France;France;;;;;
;;;95000;Pierrelaye;49.02222;2.15333;Ile-de-France;France;;;;;
;;;95000;Piscop;49.01083;2.34389;Ile-de-France;France;;;;;
;;;95000;Le Plessis Bouchard;49.00167;2.23944;Ile-de-France;France;;;;;
;;;95000;Le Plessis Gassot;49.03194;2.41361;Ile-de-France;France;;;;;
;;;95000;Le Plessis luzarches;49.09444;2.45389;Ile-de-France;France;;;;;
;;;95000;Pontoise   ;49.05167;2.09417;Ile-de-France;France;;;;;
;;;95000;Presles;49.11417;2.28194;Ile-de-France;France;;;;;
;;;95000;Puiseux en France;49.06667;2.47583;Ile-de-France;France;;;;;
;;;95000;Puiseux Pontoise;49.05695;2.02167;Ile-de-France;France;;;;;
;;;95000;La Roche Guyon;49.08222;1.63;Ile-de-France;France;;;;;
;;;95000;Roissy en France;49.00306;2.51556;Ile-de-France;France;;;;;
;;;95000;Ronquerolles;49.16611;2.22167;Ile-de-France;France;;;;;
;;;95000;Sagy;49.04889;1.95444;Ile-de-France;France;;;;;
;;;95000;Saint Brice sous Foret;48.99805;2.35389;Ile-de-France;France;;;;;
;;;95000;Saint Clair sur Epte;49.20917;1.68194;Ile-de-France;France;;;;;
;;;95000;Saint Cyr en Arthies;49.06055;1.74417;Ile-de-France;France;;;;;
;;;95000;Saint Gervais;49.16917;1.77139;Ile-de-France;France;;;;;
;;;95000;Saint Gratien;48.97472;2.28667;Ile-de-France;France;;;;;
;;;95000;Saint Leu la Foret;49.01444;2.24389;Ile-de-France;France;;;;;
;;;95000;Saint Martin du Tertre;49.10695;2.34861;Ile-de-France;France;;;;;
;;;95000; SAINT OUEN L'AUMONE;49.04194;2.11222;Ile-de-France;France;;;;;
;;;95000;Saint Prix;49.00917;2.26278;Ile-de-France;France;;;;;
;;;95000;Saint Witz;49.09195;2.56889;Ile-de-France;France;;;;;
;;;95000;Sannois;48.97472;2.25583;Ile-de-France;France;;;;;
;;;95000;Santeuil;49.12528;1.95444;Ile-de-France;France;;;;;
;;;95000;Sarcelles;48.99972;2.3775;Ile-de-France;France;;;;;
;;;95000;Seraincourt;49.03556;1.86806;Ile-de-France;France;;;;;
;;;95000;Seugy;49.11945;2.39333;Ile-de-France;France;;;;;
;;;95000;Soisy sous Montmorency;48.98778;2.30111;Ile-de-France;France;;;;;
;;;95000;Survilliers;49.09667;2.54333;Ile-de-France;France;;;;;
;;;95000;Taverny;49.02222;2.22528;Ile-de-France;France;;;;;
;;;95000;Themericourt;49.08556;1.89889;Ile-de-France;France;;;;;
;;;95000;Theuville;49.15361;2.07389;Ile-de-France;France;;;;;
;;;95000;Le Thillay;49.00611;2.4725;Ile-de-France;France;;;;;
;;;95000;Us;49.10083;1.96722;Ile-de-France;France;;;;;
;;;95000;Vallangoujard;49.13722;2.115;Ile-de-France;France;;;;;
;;;95000;Valmondois;49.09444;2.19194;Ile-de-France;France;;;;;
;;;95000;Vaudherland;49.00139;2.48639;Ile-de-France;France;;;;;
;;;95000;Vaureal;49.03472;2.03139;Ile-de-France;France;;;;;
;;;95000;Vemars;49.06972;2.57028;Ile-de-France;France;;;;;
;;;95000;Vetheuil;49.0625;1.70472;Ile-de-France;France;;;;;
;;;95000;Viarmes;49.12556;2.37111;Ile-de-France;France;;;;;
;;;95000;Vienne en Arthies;49.06667;1.735;Ile-de-France;France;;;;;
;;;95000;Vigny;49.07694;1.92917;Ile-de-France;France;;;;;
;;;95000;Villaines sous Bois;49.075;2.35806;Ile-de-France;France;;;;;
;;;95000;Villeron;49.05611;2.54278;Ile-de-France;France;;;;;
;;;95000;Villers en Arthies;49.08889;1.72667;Ile-de-France;France;;;;;
;;;95000;Villiers Adam;49.06306;2.23528;Ile-de-France;France;;;;;
;;;95000;Villiers le Bel;49.00583;2.38917;Ile-de-France;France;;;;;
;;;95000;Villiers le Sec;49.07139;2.39083;Ile-de-France;France;;;;;
;;;95000;Wy dit Joli Village;49.10389;1.835;Ile-de-France;France;;;;;
